-- phpMyAdmin SQL Dump
-- version 5.1.1deb5ubuntu1
-- https://www.phpmyadmin.net/
--
-- Host: localhost:3306
-- Generation Time: Dec 09, 2025 at 07:35 PM
-- Server version: 8.0.44-0ubuntu0.22.04.1
-- PHP Version: 8.2.12

SET SQL_MODE = "NO_AUTO_VALUE_ON_ZERO";
START TRANSACTION;
SET time_zone = "+00:00";


/*!40101 SET @OLD_CHARACTER_SET_CLIENT=@@CHARACTER_SET_CLIENT */;
/*!40101 SET @OLD_CHARACTER_SET_RESULTS=@@CHARACTER_SET_RESULTS */;
/*!40101 SET @OLD_COLLATION_CONNECTION=@@COLLATION_CONNECTION */;
/*!40101 SET NAMES utf8mb4 */;

--
-- Database: `brickmmo_search`
--

-- --------------------------------------------------------

--
-- Table structure for table `pages`
--

CREATE TABLE `pages` (
  `id` int NOT NULL,
  `title` varchar(255) DEFAULT NULL,
  `url` varchar(255) DEFAULT NULL,
  `status` int DEFAULT NULL,
  `page_id` int DEFAULT NULL,
  `linked_at` timestamp NULL DEFAULT NULL,
  `scrapped_at` timestamp NULL DEFAULT NULL,
  `created_at` timestamp NOT NULL DEFAULT CURRENT_TIMESTAMP,
  `updated_at` timestamp NOT NULL DEFAULT CURRENT_TIMESTAMP ON UPDATE CURRENT_TIMESTAMP
) ENGINE=InnoDB DEFAULT CHARSET=latin1;

--
-- Dumping data for table `pages`
--

INSERT INTO `pages` (`id`, `title`, `url`, `status`, `page_id`, `linked_at`, `scrapped_at`, `created_at`, `updated_at`) VALUES
(1, 'assets | BrickMMO Assets Directory', 'https://assets.brickmmo.com/', 200, NULL, '2025-11-14 21:40:03', '2025-11-14 22:40:03', '2025-09-05 17:10:50', '2025-11-14 22:40:03'),
(285, 'BrickMMO | A Smart City Education Platform.', 'http://brickmmo.com', 200, 1, '2025-11-14 23:25:03', '2025-11-15 00:05:03', '2025-09-06 00:06:15', '2025-11-15 00:05:03'),
(286, 'BrickMMO | A Smart City Education Platform.', 'https://brickmmo.com', 200, 1, '2025-11-14 23:30:04', '2025-11-15 00:15:03', '2025-09-06 00:06:15', '2025-11-15 00:15:03'),
(287, '', 'https://list.brickmmo.com', 302, 1, '2025-11-14 23:35:03', '2025-11-15 00:20:08', '2025-09-06 00:06:15', '2025-11-15 00:20:08'),
(288, 'BrickSum', 'https://bricksum.brickmmo.com', 0, 1, '2025-11-14 23:40:04', '2025-11-15 00:25:03', '2025-09-06 00:06:15', '2025-11-15 00:25:03'),
(289, 'BrickMMO | Colours', 'https://colours.brickmmo.com', 302, 1, '2025-11-14 23:45:04', '2025-11-15 00:30:04', '2025-09-06 00:06:15', '2025-11-15 00:30:04'),
(290, 'Conversions | BrickMMO', 'https://conversions.brickmmo.com', 200, 1, '2025-11-14 23:50:40', '2025-11-15 00:35:03', '2025-09-06 00:06:15', '2025-11-15 00:35:03'),
(291, NULL, 'https://console.brickmmo.com', 302, 1, '2025-11-14 23:55:04', '2025-11-15 00:40:04', '2025-09-06 00:06:15', '2025-11-15 00:40:04'),
(292, 'Events', 'https://events.brickmmo.com', 302, 1, '2025-11-15 00:00:05', '2025-11-15 00:45:04', '2025-09-06 00:06:15', '2025-11-15 00:45:04'),
(293, 'display-v1 | Loop through BrickMMO data and make visualizations.', 'https://display.brickmmo.com', 200, 1, '2025-11-15 00:05:40', '2025-11-15 00:50:04', '2025-09-06 00:06:15', '2025-11-15 00:50:04'),
(294, 'Glyphs Icon Library', 'https://glyphs.brickmmo.com', 200, 1, '2025-11-15 00:10:04', '2025-11-15 00:55:03', '2025-09-06 00:06:15', '2025-11-15 00:55:03'),
(295, 'Maps | BrickMMO', 'https://maps.brickmmo.com', 200, 1, '2025-11-15 00:15:03', '2025-11-15 01:05:03', '2025-09-06 00:06:15', '2025-11-15 01:05:03'),
(296, 'Home Page', 'https://media.brickmmo.com', 200, 1, '2025-11-15 00:20:08', '2025-11-15 01:10:03', '2025-09-06 00:06:15', '2025-11-15 01:10:03'),
(297, 'PlaceKit | BrickMMO', 'https://placekit.brickmmo.com', 200, 1, '2025-11-15 00:30:04', '2025-11-15 01:15:03', '2025-09-06 00:06:15', '2025-11-15 01:15:03'),
(298, '', 'https://qr.brickmmo.com', 302, 1, '2025-11-15 00:35:04', '2025-11-15 01:20:04', '2025-09-06 00:06:15', '2025-11-15 01:20:04'),
(299, 'BrickMMO Search', 'https://search.brickmmo.com', 200, 1, '2025-11-15 00:40:04', '2025-11-15 01:35:03', '2025-09-06 00:06:15', '2025-11-15 01:35:03'),
(300, 'Stores', 'https://stores.brickmmo.com', 200, 1, '2025-11-15 00:45:04', '2025-11-15 01:40:04', '2025-09-06 00:06:15', '2025-11-15 01:40:04'),
(301, 'VideoKit', 'https://videokit.brickmmo.com', 200, 1, '2025-11-15 00:50:04', '2025-11-15 01:45:43', '2025-09-06 00:06:15', '2025-11-15 01:45:43'),
(302, 'assets | BrickMMO Assets Directory', 'https://assets.brickmmo.com', 200, 1, '2025-11-15 00:55:37', '2025-11-15 01:50:04', '2025-09-06 00:06:15', '2025-11-15 01:50:04'),
(303, 'branding-brickmmo | brickmmo-branding', 'https://branding.brickmmo.com', 200, 1, '2025-11-15 01:05:03', '2025-11-15 01:55:03', '2025-09-06 00:06:15', '2025-11-15 01:55:03'),
(304, 'cdn-brickmmo | brickmmo-cdn', 'https://cdn.brickmmo.com', 200, 1, '2025-11-15 01:10:02', '2025-11-14 20:30:04', '2025-09-06 00:06:15', '2025-11-15 01:10:02'),
(305, 'contributions | BrickMMO Contributions History', 'https://contributions.brickmmo.com', 200, 1, '2025-11-15 01:25:05', '2025-11-14 20:35:04', '2025-09-06 00:06:15', '2025-11-15 01:25:05'),
(306, 'Demos | BrickMMO', 'https://demo.brickmmo.com', 200, 1, '2025-11-15 01:30:03', '2025-11-14 20:40:03', '2025-09-06 00:06:15', '2025-11-15 01:30:03'),
(307, 'ldr | BrickMMO LDR Directory', 'https://ldr.brickmmo.com', 200, 1, '2025-11-15 01:35:03', '2025-11-14 20:50:03', '2025-09-06 00:06:15', '2025-11-15 01:35:03'),
(308, 'scils | BrickMMO MILS Guidelines', 'https://scils.brickmmo.com', 200, 1, '2025-11-15 01:50:04', '2025-11-14 20:55:04', '2025-09-06 00:06:15', '2025-11-15 01:50:04'),
(309, 'tasks | BrickMMO Task Instructions', 'https://tasks.brickmmo.com', 200, 1, '2025-11-15 01:55:03', '2025-11-14 21:00:05', '2025-09-06 00:06:15', '2025-11-15 01:55:03'),
(310, 'Lively Radio', 'https://lively.brickmmo.com', 200, 1, '2025-11-14 20:30:04', '2025-11-14 21:15:03', '2025-09-06 00:06:15', '2025-11-14 21:15:03'),
(311, NULL, 'https://hubbub.brickmmo.com', 0, 1, '2025-11-14 20:35:03', '2025-11-14 21:20:04', '2025-09-06 00:06:15', '2025-11-14 21:20:04'),
(312, 'Loot', 'https://loot.brickmmo.com', 200, 1, '2025-11-14 20:40:03', '2025-11-14 21:25:04', '2025-09-06 00:06:15', '2025-11-14 21:25:04'),
(313, NULL, 'https://polybrick.brickmmo.com', 0, 1, '2025-11-14 20:45:04', '2025-11-14 21:30:38', '2025-09-06 00:06:15', '2025-11-14 21:30:38'),
(314, 'Watts Wrong | BrickMMO', 'https://wattswrong.brickmmo.com', 200, 1, '2025-11-14 20:50:03', '2025-11-14 21:35:04', '2025-09-06 00:06:15', '2025-11-14 21:35:04'),
(315, '_readme | Formatting Guidelines for README.md Files', 'https://readme.codeadam.ca', 200, 1, '2025-11-14 20:55:04', '2025-11-14 21:40:03', '2025-09-06 00:06:15', '2025-11-14 21:40:03'),
(316, 'pseudocode | Pseudocode Guidelines', 'https://pseudocode.codeadam.ca', 200, 1, '2025-11-14 21:05:04', '2025-11-14 21:45:03', '2025-09-06 00:06:15', '2025-11-14 21:45:03'),
(317, 'tidy | Team Programming Guidelines', 'https://tidy.codeadam.ca', 200, 1, '2025-11-14 23:15:03', '2025-11-14 22:45:03', '2025-09-06 00:06:15', '2025-11-14 23:15:03'),
(318, 'eplus | Database Guidelines', 'https://eplus.codeadam.ca', 200, 317, '2025-11-14 21:10:04', '2025-11-14 21:50:04', '2025-09-06 00:10:05', '2025-11-14 21:50:04'),
(319, 'Adam Thomas', 'https://codeadam.ca', 200, 317, '2025-11-14 23:20:04', '2025-11-15 00:10:04', '2025-09-06 00:10:05', '2025-11-15 00:10:04'),
(320, 'About Page', 'https://media.brickmmo.com/about', 200, 296, '2025-11-15 00:25:40', '2025-11-15 01:30:03', '2025-09-06 01:20:38', '2025-11-15 01:30:03'),
(321, NULL, 'readme.codeadam.ca', 0, 304, '2025-11-15 01:20:04', '2025-11-14 20:45:04', '2025-09-06 02:05:03', '2025-11-15 01:20:04'),
(322, NULL, 'https://pages.codeadam.ca/ldr-viewer', 301, 307, '2025-11-14 21:15:03', '2025-11-14 22:00:05', '2025-09-06 02:25:03', '2025-11-14 22:00:05'),
(323, 'scils | BrickMMO MILS Guidelines', 'https://scils.brickmmo.com/city-block', 200, 307, '2025-11-14 21:20:04', '2025-11-14 22:05:04', '2025-09-06 02:25:03', '2025-11-14 22:05:04'),
(324, 'scils | BrickMMO MILS Guidelines', 'https://scils.brickmmo.com/city-block-road-straight', 200, 307, '2025-11-14 21:25:04', '2025-11-14 22:10:40', '2025-09-06 02:25:03', '2025-11-14 22:10:40'),
(325, 'scils | BrickMMO MILS Guidelines', 'https://scils.brickmmo.com/city-block-track-straight', 200, 307, '2025-11-14 21:30:38', '2025-11-14 22:30:03', '2025-09-06 02:25:03', '2025-11-14 22:30:03'),
(326, 'activities | Team Building Activities', 'https://activities.codeadam.ca/cube', 200, 307, '2025-11-15 01:40:04', '2025-11-14 21:05:04', '2025-09-06 02:25:03', '2025-11-15 01:40:04'),
(327, 'activities | Team Building Activities', 'https://activities.codeadam.ca', 200, 326, '2025-11-14 21:35:04', '2025-11-14 22:35:04', '2025-09-06 02:30:03', '2025-11-14 22:35:04'),
(328, NULL, 'https://pages.codeadam.ca/cube', 301, 326, '2025-11-15 01:45:04', '2025-11-14 21:10:04', '2025-09-06 02:30:03', '2025-11-15 01:45:04'),
(329, '', 'https://readme.codeadam.ca/readme.css', 200, 315, '2025-11-14 21:00:05', '2025-11-14 21:55:02', '2025-09-06 03:15:03', '2025-11-14 21:55:02'),
(330, NULL, 'https://account.brickmmo.com', 302, 1, '2025-11-14 21:50:04', '2025-11-14 22:50:04', '2025-09-06 15:30:03', '2025-11-14 22:50:04'),
(331, 'Applications | BrickMMO', 'https://applications.brickmmo.com', 200, 1, '2025-11-14 21:55:02', '2025-11-14 22:55:04', '2025-09-06 15:30:03', '2025-11-14 22:55:04'),
(332, 'Login | Flow', 'https://flow.brickmmo.com', 0, 1, '2025-11-14 22:00:04', '2025-11-14 23:00:05', '2025-09-06 15:30:03', '2025-11-14 23:00:05'),
(333, 'Control Panel', 'https://panel.brickmmo.com', 200, 1, '2025-11-14 22:05:04', '2025-11-14 23:05:03', '2025-09-06 15:30:03', '2025-11-14 23:05:03'),
(334, 'BrickMMO Parts', 'https://parts.brickmmo.com', 200, 1, '2025-11-14 22:10:02', '2025-11-14 23:10:04', '2025-09-06 15:30:03', '2025-11-14 23:10:04'),
(335, 'Convert Image to Pixelated Image', 'https://pixelate.brickmmo.com', 200, 1, '2025-11-14 22:45:03', '2025-11-14 23:15:03', '2025-09-06 15:30:03', '2025-11-14 23:15:03'),
(336, 'BrickMMO Stats Application | stats-v1', 'https://stats.brickmmo.com', 200, 1, '2025-11-14 22:50:40', '2025-11-14 23:35:02', '2025-09-06 15:30:03', '2025-11-14 23:35:02'),
(337, 'Index of /', 'https://uptime.brickmmo.com', 200, 1, '2025-11-14 22:55:04', '2025-11-14 23:40:04', '2025-09-06 15:30:03', '2025-11-14 23:40:04'),
(338, 'Alpha Node', 'https://alpha.loot.brickmmo.com', 200, 1, '2025-11-14 23:00:40', '2025-11-14 23:45:03', '2025-09-06 15:30:03', '2025-11-14 23:45:03'),
(339, 'Bravo Node', 'https://bravo.loot.brickmmo.com', 200, 1, '2025-11-14 23:05:03', '2025-11-14 23:50:03', '2025-09-06 15:30:03', '2025-11-14 23:50:03'),
(340, 'Charlie Node', 'https://charlie.loot.brickmmo.com', 200, 1, '2025-11-14 23:10:04', '2025-11-14 23:55:03', '2025-09-06 15:30:03', '2025-11-14 23:55:03'),
(341, NULL, 'https://delta.loot.brickmmo.com', 404, 1, '2025-11-14 21:45:03', '2025-11-15 00:00:05', '2025-09-06 15:30:03', '2025-11-15 00:00:05'),
(342, NULL, 'https://parts.brickmmo.com/themes.php', 302, 334, '2025-11-14 22:30:03', '2025-11-14 23:25:03', '2025-09-12 17:10:37', '2025-11-14 23:25:03'),
(343, NULL, 'https://parts.brickmmo.com/categories.php', 302, 334, '2025-11-14 22:35:40', '2025-11-14 23:30:04', '2025-09-12 17:10:37', '2025-11-14 23:30:04'),
(344, NULL, 'https://parts.brickmmo.com/colours.php', 302, 334, '2025-11-14 22:40:03', '2025-11-14 23:20:04', '2025-09-12 17:10:37', '2025-11-14 23:20:04'),
(345, 'cdn-brickmmo | brickmmo-cdn', 'http://cdn.brickmmo.com', 200, 304, '2025-11-15 01:15:03', '2025-11-15 01:25:05', '2025-10-27 03:45:02', '2025-11-15 01:25:05'),
(346, NULL, 'https://sso.brickmmo.com', 302, 302, '2025-11-15 01:00:06', '2025-11-15 01:00:06', '2025-11-09 18:25:40', '2025-11-15 01:00:06'),
(347, NULL, 'https://parts.brickmmo.com//themes.php', 302, 334, '2025-11-14 22:20:04', '2025-11-14 22:15:04', '2025-11-09 21:10:04', '2025-11-14 22:20:04'),
(348, NULL, 'https://parts.brickmmo.com//categories.php', 302, 334, '2025-11-14 22:25:04', '2025-11-14 22:20:04', '2025-11-09 21:10:04', '2025-11-14 22:25:04'),
(349, NULL, 'https://parts.brickmmo.com//colours.php', 302, 334, '2025-11-14 22:15:03', '2025-11-14 22:25:04', '2025-11-09 21:10:04', '2025-11-14 22:25:04');

-- --------------------------------------------------------

--
-- Table structure for table `page_word`
--

CREATE TABLE `page_word` (
  `id` int NOT NULL,
  `page_id` int NOT NULL,
  `word_id` int NOT NULL,
  `count` int NOT NULL
) ENGINE=InnoDB DEFAULT CHARSET=latin1;

--
-- Dumping data for table `page_word`
--

INSERT INTO `page_word` (`id`, `page_id`, `word_id`, `count`) VALUES
(1068265, 304, 10, 86),
(1068266, 304, 275, 67),
(1068267, 304, 88, 60),
(1068268, 304, 6, 56),
(1068269, 304, 826, 48),
(1068270, 304, 960, 37),
(1068271, 304, 551, 20),
(1068272, 304, 35, 15),
(1068273, 304, 1, 8),
(1068274, 304, 669, 7),
(1068275, 304, 16, 6),
(1068276, 304, 962, 5),
(1068277, 304, 963, 5),
(1068278, 304, 964, 5),
(1068279, 304, 798, 5),
(1068280, 304, 822, 5),
(1068281, 304, 966, 5),
(1068282, 304, 681, 4),
(1068283, 304, 216, 4),
(1068284, 304, 965, 4),
(1068285, 304, 207, 4),
(1068286, 304, 83, 4),
(1068287, 304, 858, 4),
(1068288, 304, 177, 4),
(1068289, 304, 9, 3),
(1068290, 304, 12, 3),
(1068291, 304, 172, 3),
(1068292, 304, 181, 3),
(1068293, 304, 3, 3),
(1068294, 304, 820, 3),
(1068295, 304, 967, 3),
(1068296, 304, 15, 2),
(1068297, 304, 124, 2),
(1068298, 304, 458, 2),
(1068299, 304, 131, 2),
(1068300, 304, 280, 2),
(1068301, 304, 746, 2),
(1068302, 304, 969, 2),
(1068303, 304, 231, 2),
(1068304, 304, 970, 2),
(1068305, 304, 971, 2),
(1068306, 304, 157, 2),
(1068307, 304, 230, 2),
(1068308, 304, 821, 2),
(1068309, 304, 819, 2),
(1068310, 304, 972, 2),
(1068311, 304, 26, 1),
(1068312, 304, 27, 1),
(1068313, 304, 28, 1),
(1068314, 304, 29, 1),
(1068315, 304, 30, 1),
(1068316, 304, 31, 1),
(1068317, 304, 32, 1),
(1068318, 304, 33, 1),
(1068319, 304, 104, 1),
(1068320, 304, 34, 1),
(1068321, 304, 44, 1),
(1068322, 304, 8, 1),
(1068323, 304, 973, 1),
(1068324, 304, 4041, 1),
(1068325, 304, 974, 1),
(1068326, 304, 590, 1),
(1068327, 304, 975, 1),
(1068328, 304, 976, 1),
(1068329, 304, 977, 1),
(1068330, 304, 968, 1),
(1068331, 304, 978, 1),
(1068332, 304, 979, 1),
(1068333, 304, 417, 1),
(1068334, 304, 167, 1),
(1068335, 304, 980, 1),
(1068336, 304, 634, 1),
(1068337, 304, 981, 1),
(1068338, 304, 42, 1),
(1068339, 304, 827, 1),
(1068340, 304, 625, 1),
(1068341, 304, 982, 1),
(1068342, 304, 983, 1),
(1068343, 304, 984, 1),
(1068344, 304, 985, 1),
(1068345, 304, 20, 1),
(1068346, 304, 986, 1),
(1068347, 304, 214, 1),
(1068348, 304, 137, 1),
(1068349, 304, 276, 1),
(1068350, 304, 274, 1),
(1068351, 304, 184, 1),
(1068352, 304, 272, 1),
(1068353, 304, 273, 1),
(1068354, 304, 194, 1),
(1068355, 304, 271, 1),
(1068356, 304, 206, 1),
(1068357, 304, 270, 1),
(1068358, 304, 269, 1),
(1068359, 304, 268, 1),
(1068360, 304, 267, 1),
(1068361, 304, 266, 1),
(1068362, 304, 265, 1),
(1068363, 304, 649, 1),
(1068364, 304, 262, 1),
(1068365, 304, 263, 1),
(1068366, 304, 261, 1),
(1068367, 304, 987, 1),
(1068368, 304, 259, 1),
(1068369, 304, 258, 1),
(1068370, 304, 257, 1),
(1068371, 304, 988, 1),
(1068372, 304, 255, 1),
(1068373, 304, 254, 1),
(1068374, 304, 253, 1),
(1068375, 304, 794, 1),
(1068376, 304, 989, 1),
(1068377, 304, 910, 1),
(1068378, 304, 907, 1),
(1068379, 304, 908, 1),
(1068380, 304, 247, 1),
(1068381, 304, 3850, 1),
(1068382, 304, 990, 1),
(1068383, 304, 795, 1),
(1068384, 304, 372, 1),
(1068385, 304, 498, 1),
(1068386, 304, 3848, 1),
(1068387, 304, 4047, 1),
(1068388, 304, 3849, 1),
(1068389, 304, 991, 1),
(1068390, 304, 23, 1),
(1068391, 304, 818, 1),
(1068392, 304, 992, 1),
(1068393, 304, 7, 1),
(1068394, 304, 993, 1),
(1068395, 304, 769, 1),
(1068396, 304, 994, 1),
(1068397, 304, 82, 1),
(1068398, 304, 468, 1),
(1068399, 304, 555, 1),
(1068400, 304, 86, 1),
(1068401, 304, 87, 1),
(1068402, 305, 799, 7),
(1068403, 305, 995, 5),
(1068404, 305, 996, 5),
(1068405, 305, 38, 5),
(1068406, 305, 997, 5),
(1068407, 305, 10, 4),
(1068408, 305, 1000, 3),
(1068409, 305, 998, 2),
(1068410, 305, 6, 2),
(1068411, 305, 30, 2),
(1068412, 305, 15, 2),
(1068413, 305, 16, 2),
(1068414, 305, 648, 2),
(1068415, 305, 999, 2),
(1068416, 305, 174, 2),
(1068417, 305, 1001, 2),
(1068418, 305, 26, 1),
(1068419, 305, 27, 1),
(1068420, 305, 28, 1),
(1068421, 305, 29, 1),
(1068422, 305, 31, 1),
(1068423, 305, 32, 1),
(1068424, 305, 33, 1),
(1068425, 305, 88, 1),
(1068426, 305, 34, 1),
(1068427, 305, 7, 1),
(1068428, 305, 35, 1),
(1068429, 305, 82, 1),
(1068430, 305, 427, 1),
(1068431, 305, 1002, 1),
(1068432, 305, 1003, 1),
(1068433, 305, 1, 1),
(1068434, 305, 622, 1),
(1068435, 305, 1004, 1),
(1068436, 305, 1005, 1),
(1068437, 305, 1006, 1),
(1068438, 305, 86, 1),
(1068439, 305, 87, 1),
(1068440, 306, 227, 7),
(1068441, 306, 206, 4),
(1068442, 306, 1007, 4),
(1068443, 306, 10, 3),
(1068444, 306, 219, 3),
(1068445, 306, 223, 3),
(1068446, 306, 213, 3),
(1068447, 306, 438, 3),
(1068448, 306, 220, 3),
(1068449, 306, 221, 3),
(1068450, 306, 344, 3),
(1068451, 306, 210, 3),
(1068452, 306, 204, 3),
(1068453, 306, 218, 2),
(1068454, 306, 238, 2),
(1068455, 306, 217, 2),
(1068456, 306, 233, 2),
(1068457, 306, 199, 2),
(1068458, 306, 138, 2),
(1068459, 306, 243, 2),
(1068460, 306, 1008, 2),
(1068461, 306, 1009, 2),
(1068462, 306, 1010, 2),
(1068463, 306, 1011, 2),
(1068464, 306, 161, 2),
(1068465, 306, 1012, 2),
(1068466, 306, 1013, 1),
(1068467, 306, 231, 1),
(1068468, 306, 1014, 1),
(1068469, 306, 224, 1),
(1068470, 306, 911, 1),
(1068471, 306, 1015, 1),
(1068472, 306, 307, 1),
(1068473, 306, 1016, 1),
(1068474, 306, 150, 1),
(1068475, 306, 362, 1),
(1068476, 306, 435, 1),
(1068477, 306, 288, 1),
(1068478, 306, 1017, 1),
(1068479, 306, 211, 1),
(1068480, 306, 212, 1),
(1068481, 306, 1018, 1),
(1068482, 306, 369, 1),
(1068483, 306, 458, 1),
(1068484, 306, 459, 1),
(1068485, 306, 461, 1),
(1068486, 306, 460, 1),
(1068487, 306, 463, 1),
(1068488, 306, 297, 1),
(1068489, 306, 1019, 1),
(1068490, 306, 316, 1),
(1068491, 306, 1020, 1),
(1068492, 306, 404, 1),
(1068493, 306, 1021, 1),
(1068494, 306, 439, 1),
(1068495, 306, 1022, 1),
(1068496, 306, 1023, 1),
(1068497, 306, 1024, 1),
(1068498, 306, 232, 1),
(1068499, 306, 839, 1),
(1068500, 306, 1025, 1),
(1068501, 307, 801, 36),
(1068502, 307, 128, 30),
(1068503, 307, 212, 30),
(1068504, 307, 10, 23),
(1068505, 307, 1026, 20),
(1068506, 307, 6, 18),
(1068507, 307, 88, 18),
(1068508, 307, 260, 10),
(1068509, 307, 387, 10),
(1068510, 307, 1027, 10),
(1068511, 307, 1028, 10),
(1068512, 307, 1029, 7),
(1068513, 307, 8, 5),
(1068514, 307, 796, 4),
(1068515, 307, 795, 4),
(1068516, 307, 1030, 4),
(1068517, 307, 826, 4),
(1068518, 307, 1, 3),
(1068519, 307, 468, 3),
(1068520, 307, 15, 2),
(1068521, 307, 275, 2),
(1068522, 307, 16, 2),
(1068523, 307, 669, 2),
(1068524, 307, 26, 1),
(1068525, 307, 27, 1),
(1068526, 307, 28, 1),
(1068527, 307, 29, 1),
(1068528, 307, 30, 1),
(1068529, 307, 31, 1),
(1068530, 307, 32, 1),
(1068531, 307, 33, 1),
(1068532, 307, 34, 1),
(1068533, 307, 35, 1),
(1068534, 307, 4044, 1),
(1068535, 307, 9, 1),
(1068536, 307, 37, 1),
(1068537, 307, 962, 1),
(1068538, 307, 968, 1),
(1068539, 307, 167, 1),
(1068540, 307, 1032, 1),
(1068541, 307, 882, 1),
(1068542, 307, 65, 1),
(1068543, 307, 518, 1),
(1068544, 307, 4045, 1),
(1068545, 307, 1033, 1),
(1068546, 307, 86, 1),
(1068547, 307, 87, 1),
(1068548, 308, 802, 7),
(1068549, 308, 10, 6),
(1068550, 308, 128, 5),
(1068551, 308, 127, 3),
(1068552, 308, 1, 3),
(1068553, 308, 1034, 2),
(1068554, 308, 3, 2),
(1068555, 308, 6, 2),
(1068556, 308, 29, 2),
(1068557, 308, 15, 2),
(1068558, 308, 88, 2),
(1068559, 308, 16, 2),
(1068560, 308, 1035, 2),
(1068561, 308, 1036, 2),
(1068562, 308, 1037, 2),
(1068563, 308, 627, 2),
(1068564, 308, 82, 2),
(1068565, 308, 792, 2),
(1068566, 308, 254, 2),
(1068567, 308, 212, 2),
(1068568, 308, 1038, 2),
(1068569, 308, 26, 1),
(1068570, 308, 27, 1),
(1068571, 308, 28, 1),
(1068572, 308, 30, 1),
(1068573, 308, 31, 1),
(1068574, 308, 32, 1),
(1068575, 308, 33, 1),
(1068576, 308, 34, 1),
(1068577, 308, 275, 1),
(1068578, 308, 35, 1),
(1068579, 308, 717, 1),
(1068580, 308, 38, 1),
(1068581, 308, 4046, 1),
(1068582, 308, 1039, 1),
(1068583, 308, 1040, 1),
(1068584, 308, 1041, 1),
(1068585, 308, 694, 1),
(1068586, 308, 1042, 1),
(1068587, 308, 809, 1),
(1068588, 308, 1043, 1),
(1068589, 308, 42, 1),
(1068590, 308, 172, 1),
(1068591, 308, 925, 1),
(1068592, 308, 859, 1),
(1068593, 308, 625, 1),
(1068594, 308, 1044, 1),
(1068595, 308, 475, 1),
(1068596, 308, 255, 1),
(1068597, 308, 193, 1),
(1068598, 308, 12, 1),
(1068599, 308, 1045, 1),
(1068600, 308, 298, 1),
(1068601, 308, 8, 1),
(1068602, 308, 277, 1),
(1068603, 308, 86, 1),
(1068604, 308, 87, 1),
(1068605, 309, 803, 8),
(1068606, 309, 10, 5),
(1068607, 309, 16, 4),
(1068608, 309, 622, 4),
(1068609, 309, 1046, 3),
(1068610, 309, 1, 3),
(1068611, 309, 63, 3),
(1068612, 309, 1047, 3),
(1068613, 309, 1048, 3),
(1068614, 309, 1049, 2),
(1068615, 309, 1038, 2),
(1068616, 309, 6, 2),
(1068617, 309, 15, 2),
(1068618, 309, 995, 2),
(1068619, 309, 996, 2),
(1068620, 309, 38, 2),
(1068621, 309, 634, 2),
(1068622, 309, 65, 2),
(1068623, 309, 23, 2),
(1068624, 309, 1050, 2),
(1068625, 309, 13, 2),
(1068626, 309, 8, 2),
(1068627, 309, 3, 2),
(1068628, 309, 26, 1),
(1068629, 309, 27, 1),
(1068630, 309, 28, 1),
(1068631, 309, 29, 1),
(1068632, 309, 30, 1),
(1068633, 309, 31, 1),
(1068634, 309, 32, 1),
(1068635, 309, 33, 1),
(1068636, 309, 88, 1),
(1068637, 309, 34, 1),
(1068638, 309, 7, 1),
(1068639, 309, 35, 1),
(1068640, 309, 82, 1),
(1068641, 309, 4, 1),
(1068642, 309, 258, 1),
(1068643, 309, 36, 1),
(1068644, 309, 1051, 1),
(1068645, 309, 1052, 1),
(1068646, 309, 1053, 1),
(1068647, 309, 602, 1),
(1068648, 309, 1054, 1),
(1068649, 309, 1055, 1),
(1068650, 309, 1056, 1),
(1068651, 309, 1057, 1),
(1068652, 309, 811, 1),
(1068653, 309, 1058, 1),
(1068654, 309, 669, 1),
(1068655, 309, 287, 1),
(1068656, 309, 1059, 1),
(1068657, 309, 1060, 1),
(1068658, 309, 1061, 1),
(1068659, 309, 214, 1),
(1068660, 309, 157, 1),
(1068661, 309, 1062, 1),
(1068662, 309, 1063, 1),
(1068663, 309, 677, 1),
(1068664, 309, 1064, 1),
(1068665, 309, 1065, 1),
(1068666, 309, 1066, 1),
(1068667, 309, 1067, 1),
(1068668, 309, 1068, 1),
(1068669, 309, 1069, 1),
(1068670, 309, 1070, 1),
(1068671, 309, 1071, 1),
(1068672, 309, 1072, 1),
(1068673, 309, 1073, 1),
(1068674, 309, 5, 1),
(1068675, 309, 9, 1),
(1068676, 309, 37, 1),
(1068677, 309, 1074, 1),
(1068678, 309, 17, 1),
(1068679, 309, 818, 1),
(1068680, 309, 2, 1),
(1068681, 309, 12, 1),
(1068682, 309, 43, 1),
(1068683, 309, 86, 1),
(1068684, 309, 87, 1),
(1068685, 326, 1, 30),
(1068686, 326, 1027, 13),
(1068687, 326, 1028, 11),
(1068688, 326, 193, 8),
(1068689, 326, 65, 8),
(1068690, 326, 82, 7),
(1068691, 326, 1075, 6),
(1068692, 326, 135, 6),
(1068693, 326, 1059, 6),
(1068694, 326, 1076, 5),
(1068695, 326, 1077, 5),
(1068696, 326, 792, 5),
(1068697, 326, 1038, 5),
(1068698, 326, 350, 5),
(1068699, 326, 1078, 4),
(1068700, 326, 277, 3),
(1068701, 326, 8, 3),
(1068702, 326, 1079, 3),
(1068703, 326, 1080, 3),
(1068704, 326, 172, 3),
(1068705, 326, 68, 3),
(1068706, 326, 1081, 3),
(1068707, 326, 20, 3),
(1068708, 326, 1082, 3),
(1068709, 326, 161, 3),
(1068710, 326, 1083, 3),
(1068711, 326, 14, 2),
(1068712, 326, 6, 2),
(1068713, 326, 15, 2),
(1068714, 326, 7, 2),
(1068715, 326, 16, 2),
(1068716, 326, 606, 2),
(1068717, 326, 167, 2),
(1068718, 326, 1084, 2),
(1068719, 326, 634, 2),
(1068720, 326, 116, 2),
(1068721, 326, 1085, 2),
(1068722, 326, 1086, 2),
(1068723, 326, 1087, 2),
(1068724, 326, 1088, 2),
(1068725, 326, 1089, 2),
(1068726, 326, 627, 2),
(1068727, 326, 1090, 2),
(1068728, 326, 1091, 2),
(1068729, 326, 1092, 2),
(1068730, 326, 1093, 2),
(1068731, 326, 1007, 2),
(1068732, 326, 23, 2),
(1068733, 326, 577, 2),
(1068734, 326, 677, 2),
(1068735, 326, 26, 1),
(1068736, 326, 27, 1),
(1068737, 326, 28, 1),
(1068738, 326, 29, 1),
(1068739, 326, 1094, 1),
(1068740, 326, 31, 1),
(1068741, 326, 32, 1),
(1068742, 326, 131, 1),
(1068743, 326, 558, 1),
(1068744, 326, 34, 1),
(1068745, 326, 35, 1),
(1068746, 326, 631, 1),
(1068747, 326, 1095, 1),
(1068748, 326, 1096, 1),
(1068749, 326, 1097, 1),
(1068750, 326, 1098, 1),
(1068751, 326, 643, 1),
(1068752, 326, 1011, 1),
(1068753, 326, 580, 1),
(1068754, 326, 1099, 1),
(1068755, 326, 1100, 1),
(1068756, 326, 1101, 1),
(1068757, 326, 1102, 1),
(1068758, 326, 1041, 1),
(1068759, 326, 67, 1),
(1068760, 326, 367, 1),
(1068761, 326, 49, 1),
(1068762, 326, 1103, 1),
(1068763, 326, 12, 1),
(1068764, 326, 1104, 1),
(1068765, 326, 1105, 1),
(1068766, 326, 819, 1),
(1068767, 326, 1106, 1),
(1068768, 326, 1107, 1),
(1068769, 326, 901, 1),
(1068770, 326, 1052, 1),
(1068771, 326, 1108, 1),
(1068772, 326, 325, 1),
(1068773, 326, 1109, 1),
(1068774, 326, 180, 1),
(1068775, 326, 1110, 1),
(1068776, 326, 1111, 1),
(1068777, 326, 1112, 1),
(1068778, 326, 1113, 1),
(1068779, 326, 637, 1),
(1068780, 326, 1114, 1),
(1068781, 326, 1115, 1),
(1068782, 326, 1116, 1),
(1068783, 326, 1117, 1),
(1068784, 326, 602, 1),
(1068785, 326, 1118, 1),
(1068786, 326, 1025, 1),
(1068787, 326, 503, 1),
(1068788, 326, 1119, 1),
(1068789, 326, 76, 1),
(1068790, 326, 663, 1),
(1068791, 326, 514, 1),
(1068792, 326, 1120, 1),
(1068793, 326, 154, 1),
(1068794, 326, 122, 1),
(1068795, 326, 1121, 1),
(1068796, 326, 267, 1),
(1068797, 326, 157, 1),
(1068798, 326, 140, 1),
(1068799, 326, 266, 1),
(1068800, 326, 230, 1),
(1068801, 326, 36, 1),
(1068802, 326, 775, 1),
(1068803, 326, 564, 1),
(1068804, 326, 275, 1),
(1068805, 326, 417, 1),
(1068806, 326, 1122, 1),
(1068807, 326, 550, 1),
(1068808, 326, 181, 1),
(1068809, 326, 1123, 1),
(1068810, 326, 1124, 1),
(1068811, 326, 1125, 1),
(1068812, 326, 984, 1),
(1068813, 326, 1126, 1),
(1068814, 326, 707, 1),
(1068815, 326, 791, 1),
(1068816, 326, 1127, 1),
(1068817, 326, 657, 1),
(1068818, 326, 840, 1),
(1068819, 326, 212, 1),
(1068820, 326, 86, 1),
(1068821, 326, 87, 1),
(1068822, 310, 221, 2),
(1068823, 310, 804, 1),
(1068824, 310, 261, 1),
(1068825, 310, 231, 1),
(1068826, 310, 224, 1),
(1068827, 310, 213, 1),
(1068828, 310, 820, 1),
(1068829, 310, 199, 1),
(1068830, 310, 1015, 1),
(1068831, 310, 220, 1),
(1068832, 310, 307, 1),
(1068833, 310, 1016, 1),
(1068834, 310, 150, 1),
(1068835, 310, 238, 1),
(1068836, 310, 362, 1),
(1068837, 310, 218, 1),
(1068838, 312, 806, 5),
(1068839, 312, 1, 5),
(1068840, 312, 163, 2),
(1068841, 312, 85, 2),
(1068842, 312, 1128, 2),
(1068843, 312, 1129, 2),
(1068844, 312, 10, 2),
(1068845, 312, 564, 1),
(1068846, 312, 677, 1),
(1068847, 312, 795, 1),
(1068848, 312, 1130, 1),
(1068849, 312, 1131, 1),
(1068850, 312, 1132, 1),
(1068851, 312, 1133, 1),
(1068852, 312, 42, 1),
(1068853, 312, 1134, 1),
(1068854, 312, 1135, 1),
(1068855, 312, 12, 1),
(1068856, 312, 869, 1),
(1068857, 312, 8, 1),
(1068858, 312, 483, 1),
(1068859, 312, 1136, 1),
(1068860, 312, 1137, 1),
(1068861, 312, 197, 1),
(1068862, 312, 749, 1),
(1068863, 312, 610, 1),
(1068864, 312, 647, 1),
(1068865, 312, 558, 1),
(1068866, 312, 1138, 1),
(1068867, 312, 1139, 1),
(1068868, 312, 1140, 1),
(1068869, 312, 717, 1),
(1068870, 312, 247, 1),
(1068871, 312, 1141, 1),
(1068872, 312, 1142, 1),
(1068873, 312, 636, 1),
(1068874, 312, 1143, 1),
(1068875, 312, 1144, 1),
(1068876, 312, 622, 1),
(1068877, 312, 9, 1),
(1068878, 312, 175, 1),
(1068879, 312, 176, 1),
(1068880, 314, 1145, 8),
(1068881, 314, 1146, 8),
(1068882, 314, 1147, 5),
(1068883, 314, 1148, 4),
(1068884, 314, 273, 4),
(1068885, 314, 1149, 4),
(1068886, 314, 974, 4),
(1068887, 314, 1150, 4),
(1068888, 314, 230, 4),
(1068889, 314, 1151, 4),
(1068890, 314, 1152, 4),
(1068891, 314, 1153, 4),
(1068892, 314, 1154, 4),
(1068893, 314, 1155, 4),
(1068894, 314, 1156, 4),
(1068895, 314, 1157, 4),
(1068896, 314, 1158, 4),
(1068897, 314, 1159, 4),
(1068898, 314, 1160, 4),
(1068899, 314, 1161, 4),
(1068900, 314, 1162, 4),
(1068901, 314, 1163, 4),
(1068902, 314, 711, 4),
(1068903, 314, 1164, 4),
(1068904, 314, 1165, 4),
(1068905, 314, 54, 4),
(1068906, 314, 1166, 4),
(1068907, 314, 1167, 4),
(1068908, 314, 816, 3),
(1068909, 314, 647, 3),
(1068910, 314, 815, 2),
(1068911, 314, 564, 2),
(1068912, 314, 263, 2),
(1068913, 314, 1168, 2),
(1068914, 314, 10, 1),
(1068915, 314, 1169, 1),
(1068916, 314, 122, 1),
(1068917, 314, 1170, 1),
(1068918, 314, 172, 1),
(1068919, 314, 140, 1),
(1068920, 314, 128, 1),
(1068921, 314, 948, 1),
(1068922, 314, 1171, 1),
(1068923, 314, 558, 1),
(1068924, 314, 1172, 1),
(1068925, 314, 12, 1),
(1068926, 314, 1173, 1),
(1068927, 314, 1144, 1),
(1068928, 314, 1174, 1),
(1068929, 314, 1175, 1),
(1068930, 314, 1176, 1),
(1068931, 314, 648, 1),
(1068932, 315, 16, 24),
(1068933, 315, 1, 22),
(1068934, 315, 8, 16),
(1068935, 315, 12, 13),
(1068936, 315, 669, 11),
(1068937, 315, 35, 11),
(1068938, 315, 818, 8),
(1068939, 315, 3, 8),
(1068940, 315, 6, 8),
(1068941, 315, 468, 8),
(1068942, 315, 13, 7),
(1068943, 315, 65, 7),
(1068944, 315, 49, 7),
(1068945, 315, 140, 7),
(1068946, 315, 7, 6),
(1068947, 315, 417, 6),
(1068948, 315, 20, 6),
(1068949, 315, 1177, 6),
(1068950, 315, 167, 6),
(1068951, 315, 264, 6),
(1068952, 315, 22, 5),
(1068953, 315, 634, 5),
(1068954, 315, 10, 5),
(1068955, 315, 1178, 5),
(1068956, 315, 88, 5),
(1068957, 315, 31, 4),
(1068958, 315, 15, 4),
(1068959, 315, 34, 4),
(1068960, 315, 17, 4),
(1068961, 315, 9, 4),
(1068962, 315, 602, 4),
(1068963, 315, 811, 4),
(1068964, 315, 58, 4),
(1068965, 315, 962, 4),
(1068966, 315, 551, 4),
(1068967, 315, 278, 4),
(1068968, 315, 275, 4),
(1068969, 315, 1179, 3),
(1068970, 315, 688, 3),
(1068971, 315, 1180, 3),
(1068972, 315, 1181, 3),
(1068973, 315, 479, 3),
(1068974, 315, 4, 3),
(1068975, 315, 42, 3),
(1068976, 315, 82, 3),
(1068977, 315, 63, 3),
(1068978, 315, 1182, 3),
(1068979, 315, 1183, 3),
(1068980, 315, 1184, 3),
(1068981, 315, 157, 3),
(1068982, 315, 89, 3),
(1068983, 315, 1185, 3),
(1068984, 315, 1186, 3),
(1068985, 315, 135, 3),
(1068986, 315, 857, 2),
(1068987, 315, 795, 2),
(1068988, 315, 1099, 2),
(1068989, 315, 900, 2),
(1068990, 315, 1187, 2),
(1068991, 315, 1188, 2),
(1068992, 315, 39, 2),
(1068993, 315, 1189, 2),
(1068994, 315, 1190, 2),
(1068995, 315, 889, 2),
(1068996, 315, 1191, 2),
(1068997, 315, 66, 2),
(1068998, 315, 350, 2),
(1068999, 315, 150, 2),
(1069000, 315, 36, 2),
(1069001, 315, 85, 2),
(1069002, 315, 193, 2),
(1069003, 315, 23, 2),
(1069004, 315, 1192, 2),
(1069005, 315, 1193, 2),
(1069006, 315, 1194, 2),
(1069007, 315, 1195, 2),
(1069008, 315, 1196, 2),
(1069009, 315, 1197, 2),
(1069010, 315, 1198, 2),
(1069011, 315, 1199, 2),
(1069012, 315, 76, 2),
(1069013, 315, 210, 2),
(1069014, 315, 1200, 2),
(1069015, 315, 1201, 2),
(1069016, 315, 922, 2),
(1069017, 315, 1202, 2),
(1069018, 315, 1203, 2),
(1069019, 315, 1204, 2),
(1069020, 315, 1001, 2),
(1069021, 315, 1205, 2),
(1069022, 315, 1206, 2),
(1069023, 315, 493, 2),
(1069024, 315, 26, 1),
(1069025, 315, 27, 1),
(1069026, 315, 28, 1),
(1069027, 315, 29, 1),
(1069028, 315, 30, 1),
(1069029, 315, 32, 1),
(1069030, 315, 33, 1),
(1069031, 315, 340, 1),
(1069032, 315, 647, 1),
(1069033, 315, 514, 1),
(1069034, 315, 131, 1),
(1069035, 315, 1207, 1),
(1069036, 315, 1208, 1),
(1069037, 315, 1058, 1),
(1069038, 315, 1209, 1),
(1069039, 315, 1210, 1),
(1069040, 315, 763, 1),
(1069041, 315, 1211, 1),
(1069042, 315, 1108, 1),
(1069043, 315, 558, 1),
(1069044, 315, 580, 1),
(1069045, 315, 1212, 1),
(1069046, 315, 1213, 1),
(1069047, 315, 1214, 1),
(1069048, 315, 1215, 1),
(1069049, 315, 1216, 1),
(1069050, 315, 1217, 1),
(1069051, 315, 122, 1),
(1069052, 315, 1218, 1),
(1069053, 315, 1219, 1),
(1069054, 315, 1128, 1),
(1069055, 315, 1220, 1),
(1069056, 315, 1221, 1),
(1069057, 315, 767, 1),
(1069058, 315, 935, 1),
(1069059, 315, 1222, 1),
(1069060, 315, 1223, 1),
(1069061, 315, 1224, 1),
(1069062, 315, 1225, 1),
(1069063, 315, 1226, 1),
(1069064, 315, 1065, 1),
(1069065, 315, 1227, 1),
(1069066, 315, 627, 1),
(1069067, 315, 1228, 1),
(1069068, 315, 1229, 1),
(1069069, 315, 898, 1),
(1069070, 315, 37, 1),
(1069071, 315, 1230, 1),
(1069072, 315, 177, 1),
(1069073, 315, 458, 1),
(1069074, 315, 172, 1),
(1069075, 315, 1231, 1),
(1069076, 315, 211, 1),
(1069077, 315, 24, 1),
(1069078, 315, 1104, 1),
(1069079, 315, 1232, 1),
(1069080, 315, 625, 1),
(1069081, 315, 1233, 1),
(1069082, 315, 1081, 1),
(1069083, 315, 282, 1),
(1069084, 315, 829, 1),
(1069085, 315, 1234, 1),
(1069086, 315, 1235, 1),
(1069087, 315, 1236, 1),
(1069088, 315, 1237, 1),
(1069089, 315, 1238, 1),
(1069090, 315, 838, 1),
(1069091, 315, 212, 1),
(1069092, 315, 509, 1),
(1069093, 315, 1239, 1),
(1069094, 315, 198, 1),
(1069095, 315, 1240, 1),
(1069096, 315, 1241, 1),
(1069097, 315, 1242, 1),
(1069098, 315, 1243, 1),
(1069099, 315, 1244, 1),
(1069100, 315, 616, 1),
(1069101, 315, 553, 1),
(1069102, 315, 928, 1),
(1069103, 315, 896, 1),
(1069104, 315, 525, 1),
(1069105, 315, 1245, 1),
(1069106, 315, 826, 1),
(1069107, 315, 1246, 1),
(1069108, 315, 1247, 1),
(1069109, 315, 681, 1),
(1069110, 315, 1248, 1),
(1069111, 315, 1249, 1),
(1069112, 315, 792, 1),
(1069113, 315, 1250, 1),
(1069114, 315, 1251, 1),
(1069115, 315, 982, 1),
(1069116, 315, 1252, 1),
(1069117, 315, 1253, 1),
(1069118, 315, 1254, 1),
(1069119, 315, 862, 1),
(1069120, 315, 779, 1),
(1069121, 315, 320, 1),
(1069122, 315, 746, 1),
(1069123, 315, 531, 1),
(1069124, 315, 1255, 1),
(1069125, 315, 992, 1),
(1069126, 315, 83, 1),
(1069127, 315, 1256, 1),
(1069128, 315, 1257, 1),
(1069129, 315, 1258, 1),
(1069130, 315, 223, 1),
(1069131, 315, 1259, 1),
(1069132, 315, 316, 1),
(1069133, 315, 1260, 1),
(1069134, 315, 84, 1),
(1069135, 315, 1261, 1),
(1069136, 315, 86, 1),
(1069137, 315, 87, 1),
(1069138, 316, 808, 7),
(1069139, 316, 6, 4),
(1069140, 316, 3, 2),
(1069141, 316, 15, 2),
(1069142, 316, 7, 2),
(1069143, 316, 16, 2),
(1069144, 316, 26, 1),
(1069145, 316, 27, 1),
(1069146, 316, 28, 1),
(1069147, 316, 29, 1),
(1069148, 316, 30, 1),
(1069149, 316, 31, 1),
(1069150, 316, 32, 1),
(1069151, 316, 33, 1),
(1069152, 316, 34, 1),
(1069153, 316, 35, 1),
(1069154, 316, 1262, 1),
(1069155, 316, 1263, 1),
(1069156, 316, 1264, 1),
(1069157, 316, 118, 1),
(1069158, 316, 1265, 1),
(1069159, 316, 1266, 1),
(1069160, 316, 1267, 1),
(1069161, 316, 131, 1),
(1069162, 316, 1268, 1),
(1069163, 316, 13, 1),
(1069164, 316, 88, 1),
(1069165, 316, 1269, 1),
(1069166, 316, 1270, 1),
(1069167, 316, 85, 1),
(1069168, 316, 86, 1),
(1069169, 316, 87, 1),
(1069170, 318, 12, 11),
(1069171, 318, 43, 5),
(1069172, 318, 1271, 5),
(1069173, 318, 1, 5),
(1069174, 318, 18, 4),
(1069175, 318, 29, 4),
(1069176, 318, 65, 4),
(1069177, 318, 1272, 3),
(1069178, 318, 1050, 3),
(1069179, 318, 870, 3),
(1069180, 318, 3, 2),
(1069181, 318, 6, 2),
(1069182, 318, 33, 2),
(1069183, 318, 15, 2),
(1069184, 318, 7, 2),
(1069185, 318, 16, 2),
(1069186, 318, 1273, 2),
(1069187, 318, 1274, 2),
(1069188, 318, 1275, 2),
(1069189, 318, 1276, 2),
(1069190, 318, 1243, 2),
(1069191, 318, 67, 2),
(1069192, 318, 329, 2),
(1069193, 318, 8, 2),
(1069194, 318, 1177, 2),
(1069195, 318, 1253, 2),
(1069196, 318, 1277, 2),
(1069197, 318, 627, 2),
(1069198, 318, 76, 2),
(1069199, 318, 49, 2),
(1069200, 318, 20, 2),
(1069201, 318, 1278, 2),
(1069202, 318, 26, 1),
(1069203, 318, 27, 1),
(1069204, 318, 28, 1),
(1069205, 318, 30, 1),
(1069206, 318, 31, 1),
(1069207, 318, 32, 1),
(1069208, 318, 34, 1),
(1069209, 318, 35, 1),
(1069210, 318, 340, 1),
(1069211, 318, 11, 1),
(1069212, 318, 898, 1),
(1069213, 318, 1279, 1),
(1069214, 318, 19, 1),
(1069215, 318, 40, 1),
(1069216, 318, 1280, 1),
(1069217, 318, 1281, 1),
(1069218, 318, 66, 1),
(1069219, 318, 23, 1),
(1069220, 318, 832, 1),
(1069221, 318, 711, 1),
(1069222, 318, 1282, 1),
(1069223, 318, 1283, 1),
(1069224, 318, 138, 1),
(1069225, 318, 1284, 1),
(1069226, 318, 1285, 1),
(1069227, 318, 1286, 1),
(1069228, 318, 321, 1),
(1069229, 318, 1287, 1),
(1069230, 318, 1288, 1),
(1069231, 318, 1289, 1),
(1069232, 318, 1290, 1),
(1069233, 318, 1291, 1),
(1069234, 318, 1292, 1),
(1069235, 318, 1293, 1),
(1069236, 318, 1294, 1),
(1069237, 318, 1295, 1),
(1069238, 318, 466, 1),
(1069239, 318, 1296, 1),
(1069240, 318, 1297, 1),
(1069241, 318, 1298, 1),
(1069242, 318, 9, 1),
(1069243, 318, 101, 1),
(1069244, 318, 604, 1),
(1069245, 318, 531, 1),
(1069246, 318, 480, 1),
(1069247, 318, 1299, 1),
(1069248, 318, 1300, 1),
(1069249, 318, 1301, 1),
(1069250, 318, 1302, 1),
(1069251, 318, 1303, 1),
(1069252, 318, 1304, 1),
(1069253, 318, 1305, 1),
(1069254, 318, 1104, 1),
(1069255, 318, 197, 1),
(1069256, 318, 1306, 1),
(1069257, 318, 42, 1),
(1069258, 318, 1307, 1),
(1069259, 318, 1308, 1),
(1069260, 318, 407, 1),
(1069261, 318, 1065, 1),
(1069262, 318, 1309, 1),
(1069263, 318, 70, 1),
(1069264, 318, 1310, 1),
(1069265, 318, 1311, 1),
(1069266, 318, 85, 1),
(1069267, 318, 86, 1),
(1069268, 318, 87, 1),
(1069269, 329, 811, 4),
(1069270, 329, 231, 4),
(1069271, 329, 1259, 4),
(1069272, 329, 389, 3),
(1069273, 329, 220, 2),
(1069274, 329, 199, 1),
(1069275, 329, 138, 1),
(1069276, 329, 316, 1),
(1069277, 329, 839, 1),
(1069278, 329, 320, 1),
(1069279, 329, 252, 1),
(1069280, 329, 218, 1),
(1069281, 329, 1011, 1),
(1069282, 329, 208, 1),
(1069283, 323, 128, 5),
(1069284, 323, 802, 4),
(1069285, 323, 212, 4),
(1069286, 323, 10, 3),
(1069287, 323, 1, 3),
(1069288, 323, 1034, 2),
(1069289, 323, 3, 2),
(1069290, 323, 6, 2),
(1069291, 323, 15, 2),
(1069292, 323, 16, 2),
(1069293, 323, 583, 2),
(1069294, 323, 1038, 2),
(1069295, 323, 26, 1),
(1069296, 323, 27, 1),
(1069297, 323, 28, 1),
(1069298, 323, 29, 1),
(1069299, 323, 1094, 1),
(1069300, 323, 31, 1),
(1069301, 323, 32, 1),
(1069302, 323, 88, 1),
(1069303, 323, 131, 1),
(1069304, 323, 34, 1),
(1069305, 323, 7, 1),
(1069306, 323, 35, 1),
(1069307, 323, 558, 1),
(1069308, 323, 9, 1),
(1069309, 323, 193, 1),
(1069310, 323, 65, 1),
(1069311, 323, 1312, 1),
(1069312, 323, 23, 1),
(1069313, 323, 135, 1),
(1069314, 323, 1091, 1),
(1069315, 323, 1313, 1),
(1069316, 323, 1120, 1),
(1069317, 323, 20, 1),
(1069318, 323, 551, 1),
(1069319, 323, 882, 1),
(1069320, 323, 86, 1),
(1069321, 323, 87, 1),
(1069322, 324, 1, 8),
(1069323, 324, 260, 5),
(1069324, 324, 1026, 5),
(1069325, 324, 802, 4),
(1069326, 324, 128, 4),
(1069327, 324, 212, 4),
(1069328, 324, 10, 3),
(1069329, 324, 1314, 3),
(1069330, 324, 1038, 3),
(1069331, 324, 42, 3),
(1069332, 324, 1034, 2),
(1069333, 324, 3, 2),
(1069334, 324, 6, 2),
(1069335, 324, 15, 2),
(1069336, 324, 16, 2),
(1069337, 324, 1315, 2),
(1069338, 324, 1316, 2),
(1069339, 324, 468, 2),
(1069340, 324, 26, 1),
(1069341, 324, 27, 1),
(1069342, 324, 28, 1),
(1069343, 324, 29, 1),
(1069344, 324, 1094, 1),
(1069345, 324, 31, 1),
(1069346, 324, 32, 1),
(1069347, 324, 88, 1),
(1069348, 324, 131, 1),
(1069349, 324, 34, 1),
(1069350, 324, 7, 1),
(1069351, 324, 35, 1),
(1069352, 324, 558, 1),
(1069353, 324, 634, 1),
(1069354, 324, 65, 1),
(1069355, 324, 1317, 1),
(1069356, 324, 8, 1),
(1069357, 324, 247, 1),
(1069358, 324, 1280, 1),
(1069359, 324, 12, 1),
(1069360, 324, 493, 1),
(1069361, 324, 1318, 1),
(1069362, 324, 1319, 1),
(1069363, 324, 1320, 1),
(1069364, 324, 910, 1),
(1069365, 324, 1321, 1),
(1069366, 324, 21, 1),
(1069367, 324, 1322, 1),
(1069368, 324, 1323, 1),
(1069369, 324, 1324, 1),
(1069370, 324, 1249, 1),
(1069371, 324, 680, 1),
(1069372, 324, 350, 1),
(1069373, 324, 758, 1),
(1069374, 324, 135, 1),
(1069375, 324, 1091, 1),
(1069376, 324, 1313, 1),
(1069377, 324, 1120, 1),
(1069378, 324, 20, 1),
(1069379, 324, 551, 1),
(1069380, 324, 882, 1),
(1069381, 324, 86, 1),
(1069382, 324, 87, 1),
(1069383, 325, 387, 5),
(1069384, 325, 1026, 5),
(1069385, 325, 802, 4),
(1069386, 325, 128, 4),
(1069387, 325, 212, 4),
(1069388, 325, 10, 3),
(1069389, 325, 1, 3),
(1069390, 325, 1034, 2),
(1069391, 325, 3, 2),
(1069392, 325, 6, 2),
(1069393, 325, 15, 2),
(1069394, 325, 16, 2),
(1069395, 325, 1038, 2),
(1069396, 325, 26, 1),
(1069397, 325, 27, 1),
(1069398, 325, 28, 1),
(1069399, 325, 29, 1),
(1069400, 325, 1094, 1),
(1069401, 325, 31, 1),
(1069402, 325, 32, 1),
(1069403, 325, 88, 1),
(1069404, 325, 131, 1),
(1069405, 325, 34, 1),
(1069406, 325, 7, 1),
(1069407, 325, 35, 1),
(1069408, 325, 558, 1),
(1069409, 325, 634, 1),
(1069410, 325, 65, 1),
(1069411, 325, 1317, 1),
(1069412, 325, 8, 1),
(1069413, 325, 254, 1),
(1069414, 325, 135, 1),
(1069415, 325, 1091, 1),
(1069416, 325, 1313, 1),
(1069417, 325, 1120, 1),
(1069418, 325, 20, 1),
(1069419, 325, 551, 1),
(1069420, 325, 882, 1),
(1069421, 325, 86, 1),
(1069422, 325, 87, 1),
(1069423, 327, 1075, 8),
(1069424, 327, 1038, 8),
(1069425, 327, 84, 6),
(1069426, 327, 14, 4),
(1069427, 327, 277, 4),
(1069428, 327, 1076, 3),
(1069429, 327, 6, 2),
(1069430, 327, 15, 2),
(1069431, 327, 7, 2),
(1069432, 327, 16, 2),
(1069433, 327, 140, 2),
(1069434, 327, 1325, 2),
(1069435, 327, 1028, 2),
(1069436, 327, 26, 1),
(1069437, 327, 27, 1),
(1069438, 327, 28, 1),
(1069439, 327, 29, 1),
(1069440, 327, 30, 1),
(1069441, 327, 31, 1),
(1069442, 327, 32, 1),
(1069443, 327, 33, 1),
(1069444, 327, 34, 1),
(1069445, 327, 35, 1),
(1069446, 327, 634, 1),
(1069447, 327, 65, 1),
(1069448, 327, 8, 1),
(1069449, 327, 664, 1),
(1069450, 327, 167, 1),
(1069451, 327, 191, 1),
(1069452, 327, 1326, 1),
(1069453, 327, 631, 1),
(1069454, 327, 1027, 1),
(1069455, 327, 1327, 1),
(1069456, 327, 1328, 1),
(1069457, 327, 1329, 1),
(1069458, 327, 1330, 1),
(1069459, 327, 1331, 1),
(1069460, 327, 1332, 1),
(1069461, 327, 1333, 1),
(1069462, 327, 1334, 1),
(1069463, 327, 1335, 1),
(1069464, 327, 1336, 1),
(1069465, 327, 819, 1),
(1069466, 327, 193, 1),
(1069467, 327, 1104, 1),
(1069468, 327, 1337, 1),
(1069469, 327, 1338, 1),
(1069470, 327, 85, 1),
(1069471, 327, 86, 1),
(1069472, 327, 87, 1),
(1069473, 1, 6, 50),
(1069474, 1, 10, 46),
(1069475, 1, 88, 42),
(1069476, 1, 795, 10),
(1069477, 1, 806, 7),
(1069478, 1, 7, 5),
(1069479, 1, 1339, 4),
(1069480, 1, 1340, 4),
(1069481, 1, 1341, 4),
(1069482, 1, 1342, 4),
(1069483, 1, 1343, 4),
(1069484, 1, 796, 3),
(1069485, 1, 30, 3),
(1069486, 1, 16, 3),
(1069487, 1, 258, 3),
(1069488, 1, 809, 3),
(1069489, 1, 15, 2),
(1069490, 1, 137, 2),
(1069491, 1, 181, 2),
(1069492, 1, 184, 2),
(1069493, 1, 372, 2),
(1069494, 1, 199, 2),
(1069495, 1, 800, 2),
(1069496, 1, 194, 2),
(1069497, 1, 271, 2),
(1069498, 1, 207, 2),
(1069499, 1, 36, 2),
(1069500, 1, 381, 2),
(1069501, 1, 269, 2),
(1069502, 1, 273, 2),
(1069503, 1, 267, 2),
(1069504, 1, 265, 2),
(1069505, 1, 649, 2),
(1069506, 1, 368, 2),
(1069507, 1, 4032, 2),
(1069508, 1, 259, 2),
(1069509, 1, 253, 2),
(1069510, 1, 794, 2),
(1069511, 1, 797, 2),
(1069512, 1, 798, 2),
(1069513, 1, 3, 2),
(1069514, 1, 275, 2),
(1069515, 1, 799, 2),
(1069516, 1, 801, 2),
(1069517, 1, 802, 2),
(1069518, 1, 803, 2),
(1069519, 1, 804, 2),
(1069520, 1, 805, 2),
(1069521, 1, 807, 2),
(1069522, 1, 808, 2),
(1069523, 1, 2, 2),
(1069524, 1, 26, 1),
(1069525, 1, 27, 1),
(1069526, 1, 28, 1),
(1069527, 1, 29, 1),
(1069528, 1, 31, 1),
(1069529, 1, 32, 1),
(1069530, 1, 33, 1),
(1069531, 1, 34, 1),
(1069532, 1, 35, 1),
(1069533, 1, 82, 1),
(1069534, 1, 4, 1),
(1069535, 1, 677, 1),
(1069536, 1, 811, 1),
(1069537, 1, 812, 1),
(1069538, 1, 261, 1),
(1069539, 1, 813, 1),
(1069540, 1, 814, 1),
(1069541, 1, 815, 1),
(1069542, 1, 816, 1),
(1069543, 1, 817, 1),
(1069544, 1, 63, 1),
(1069545, 1, 818, 1),
(1069546, 1, 4042, 1),
(1069547, 1, 4043, 1),
(1069548, 1, 86, 1),
(1069549, 1, 87, 1),
(1069550, 317, 1, 7),
(1069551, 317, 2, 6),
(1069552, 317, 3, 4),
(1069553, 317, 4, 4),
(1069554, 317, 5, 3),
(1069555, 317, 6, 3),
(1069556, 317, 7, 3),
(1069557, 317, 8, 3),
(1069558, 317, 9, 3),
(1069559, 317, 10, 3),
(1069560, 317, 11, 3),
(1069561, 317, 12, 3),
(1069562, 317, 13, 3),
(1069563, 317, 14, 2),
(1069564, 317, 15, 2),
(1069565, 317, 16, 2),
(1069566, 317, 17, 2),
(1069567, 317, 18, 2),
(1069568, 317, 19, 2),
(1069569, 317, 20, 2),
(1069570, 317, 21, 2),
(1069571, 317, 22, 2),
(1069572, 317, 23, 2),
(1069573, 317, 24, 2),
(1069574, 317, 25, 2),
(1069575, 317, 26, 1),
(1069576, 317, 27, 1),
(1069577, 317, 28, 1),
(1069578, 317, 29, 1),
(1069579, 317, 30, 1),
(1069580, 317, 31, 1),
(1069581, 317, 32, 1),
(1069582, 317, 33, 1),
(1069583, 317, 34, 1),
(1069584, 317, 35, 1),
(1069585, 317, 36, 1),
(1069586, 317, 37, 1),
(1069587, 317, 38, 1),
(1069588, 317, 39, 1),
(1069589, 317, 40, 1),
(1069590, 317, 41, 1),
(1069591, 317, 42, 1),
(1069592, 317, 43, 1),
(1069593, 317, 44, 1),
(1069594, 317, 45, 1),
(1069595, 317, 46, 1),
(1069596, 317, 47, 1),
(1069597, 317, 48, 1),
(1069598, 317, 49, 1),
(1069599, 317, 50, 1),
(1069600, 317, 51, 1),
(1069601, 317, 52, 1),
(1069602, 317, 53, 1),
(1069603, 317, 54, 1),
(1069604, 317, 55, 1),
(1069605, 317, 56, 1),
(1069606, 317, 57, 1),
(1069607, 317, 58, 1),
(1069608, 317, 59, 1),
(1069609, 317, 60, 1),
(1069610, 317, 61, 1),
(1069611, 317, 62, 1),
(1069612, 317, 63, 1),
(1069613, 317, 64, 1),
(1069614, 317, 65, 1),
(1069615, 317, 66, 1),
(1069616, 317, 67, 1),
(1069617, 317, 68, 1),
(1069618, 317, 69, 1),
(1069619, 317, 70, 1),
(1069620, 317, 71, 1),
(1069621, 317, 72, 1),
(1069622, 317, 73, 1),
(1069623, 317, 74, 1),
(1069624, 317, 75, 1),
(1069625, 317, 76, 1),
(1069626, 317, 77, 1),
(1069627, 317, 78, 1),
(1069628, 317, 79, 1),
(1069629, 317, 80, 1),
(1069630, 317, 81, 1),
(1069631, 317, 82, 1),
(1069632, 317, 83, 1),
(1069633, 317, 84, 1),
(1069634, 317, 85, 1),
(1069635, 317, 86, 1),
(1069636, 317, 87, 1),
(1069637, 331, 10, 5),
(1069638, 331, 809, 3),
(1069639, 331, 140, 3),
(1069640, 331, 1, 3),
(1069641, 331, 9, 2),
(1069642, 331, 282, 1),
(1069643, 331, 1345, 1),
(1069644, 331, 264, 1),
(1069645, 331, 8, 1),
(1069646, 331, 688, 1),
(1069647, 331, 33, 1),
(1069648, 331, 5, 1),
(1069649, 331, 1233, 1),
(1069650, 331, 31, 1),
(1069651, 331, 648, 1),
(1069652, 331, 175, 1),
(1069653, 331, 176, 1),
(1069654, 331, 177, 1),
(1069655, 331, 12, 1),
(1069656, 331, 178, 1),
(1069657, 331, 65, 1),
(1069658, 331, 179, 1),
(1069659, 331, 180, 1),
(1069660, 333, 272, 1),
(1069661, 333, 273, 1),
(1069662, 334, 3844, 6),
(1069663, 334, 588, 6),
(1069664, 334, 267, 5),
(1069665, 334, 140, 4),
(1069666, 334, 10, 3),
(1069667, 334, 3845, 3),
(1069668, 334, 846, 3),
(1069669, 334, 84, 3),
(1069670, 334, 9, 3),
(1069671, 334, 3846, 3),
(1069672, 334, 741, 3),
(1069673, 334, 181, 3),
(1069674, 334, 1, 3),
(1069675, 334, 466, 2),
(1069676, 334, 3847, 2),
(1069677, 334, 368, 1),
(1069678, 334, 796, 1),
(1069679, 334, 1090, 1),
(1069680, 334, 174, 1),
(1069681, 334, 177, 1),
(1069682, 334, 12, 1),
(1069683, 334, 178, 1),
(1069684, 334, 65, 1),
(1069685, 334, 179, 1),
(1069686, 334, 180, 1),
(1069687, 335, 568, 6),
(1069688, 335, 470, 4),
(1069689, 335, 140, 3),
(1069690, 335, 1038, 3),
(1069691, 335, 1007, 3),
(1069692, 335, 1508, 3),
(1069693, 335, 1509, 2),
(1069694, 335, 652, 2),
(1069695, 335, 1510, 1),
(1069696, 335, 1335, 1),
(1069697, 335, 82, 1),
(1069698, 335, 986, 1),
(1069699, 335, 792, 1),
(1069700, 335, 1079, 1),
(1069701, 335, 1108, 1),
(1069702, 335, 340, 1),
(1069703, 335, 1511, 1),
(1069704, 335, 1, 1),
(1069705, 335, 167, 1),
(1069706, 335, 191, 1),
(1069707, 335, 680, 1),
(1069708, 335, 758, 1),
(1069709, 335, 1512, 1),
(1069710, 335, 164, 1),
(1069711, 335, 161, 1),
(1069712, 335, 1513, 1),
(1069713, 335, 717, 1),
(1069714, 335, 172, 1),
(1069715, 335, 55, 1),
(1069716, 335, 210, 1),
(1069717, 335, 1514, 1),
(1069718, 335, 1515, 1),
(1069719, 335, 1516, 1),
(1069720, 335, 325, 1),
(1069721, 335, 135, 1),
(1069722, 335, 784, 1),
(1069723, 335, 1223, 1),
(1069724, 335, 648, 1),
(1069725, 335, 265, 1),
(1069726, 335, 551, 1),
(1069727, 335, 9, 1),
(1069728, 335, 175, 1),
(1069729, 335, 176, 1),
(1069730, 336, 1190, 22),
(1069731, 336, 3851, 21),
(1069732, 336, 963, 17),
(1069733, 336, 3850, 16),
(1069734, 336, 259, 13),
(1069735, 336, 10, 12),
(1069736, 336, 12, 12),
(1069737, 336, 993, 12),
(1069738, 336, 675, 10),
(1069739, 336, 1, 10),
(1069740, 336, 679, 9),
(1069741, 336, 18, 9),
(1069742, 336, 201, 9),
(1069743, 336, 30, 8),
(1069744, 336, 42, 8),
(1069745, 336, 8, 8),
(1069746, 336, 273, 8),
(1069747, 336, 6, 7),
(1069748, 336, 15, 7),
(1069749, 336, 3852, 7),
(1069750, 336, 24, 7),
(1069751, 336, 3853, 7),
(1069752, 336, 88, 6),
(1069753, 336, 580, 6),
(1069754, 336, 3854, 6),
(1069755, 336, 731, 6),
(1069756, 336, 1346, 6),
(1069757, 336, 795, 6),
(1069758, 336, 275, 6),
(1069759, 336, 986, 5),
(1069760, 336, 3855, 5),
(1069761, 336, 663, 5),
(1069762, 336, 154, 5),
(1069763, 336, 172, 5),
(1069764, 336, 131, 5),
(1069765, 336, 31, 4),
(1069766, 336, 33, 4),
(1069767, 336, 84, 4),
(1069768, 336, 1347, 4),
(1069769, 336, 3090, 4),
(1069770, 336, 3856, 4),
(1069771, 336, 970, 4),
(1069772, 336, 468, 4),
(1069773, 336, 387, 4),
(1069774, 336, 3857, 4),
(1069775, 336, 104, 4),
(1069776, 336, 82, 4),
(1069777, 336, 1259, 4),
(1069778, 336, 27, 3),
(1069779, 336, 996, 3),
(1069780, 336, 3858, 3),
(1069781, 336, 1041, 3),
(1069782, 336, 3859, 3),
(1069783, 336, 1253, 3),
(1069784, 336, 3860, 3),
(1069785, 336, 46, 3),
(1069786, 336, 100, 3),
(1069787, 336, 669, 3),
(1069788, 336, 800, 3),
(1069789, 336, 1262, 3),
(1069790, 336, 3861, 3),
(1069791, 336, 622, 3),
(1069792, 336, 3862, 3),
(1069793, 336, 722, 3),
(1069794, 336, 3863, 3),
(1069795, 336, 9, 3),
(1069796, 336, 3864, 3),
(1069797, 336, 526, 3),
(1069798, 336, 124, 3),
(1069799, 336, 147, 3),
(1069800, 336, 35, 2),
(1069801, 336, 163, 2),
(1069802, 336, 3865, 2),
(1069803, 336, 3866, 2),
(1069804, 336, 3867, 2),
(1069805, 336, 3868, 2),
(1069806, 336, 3869, 2),
(1069807, 336, 102, 2),
(1069808, 336, 3870, 2),
(1069809, 336, 146, 2),
(1069810, 336, 3871, 2),
(1069811, 336, 87, 2),
(1069812, 336, 3872, 2),
(1069813, 336, 1217, 2),
(1069814, 336, 469, 2),
(1069815, 336, 348, 2),
(1069816, 336, 3873, 2),
(1069817, 336, 1177, 2),
(1069818, 336, 3874, 2),
(1069819, 336, 2150, 2),
(1069820, 336, 659, 2),
(1069821, 336, 3115, 2),
(1069822, 336, 3875, 2),
(1069823, 336, 3876, 2),
(1069824, 336, 3877, 2),
(1069825, 336, 1004, 2),
(1069826, 336, 595, 2),
(1069827, 336, 550, 2),
(1069828, 336, 3878, 2),
(1069829, 336, 171, 2),
(1069830, 336, 93, 2),
(1069831, 336, 3879, 2),
(1069832, 336, 439, 2),
(1069833, 336, 972, 2),
(1069834, 336, 3880, 2),
(1069835, 336, 282, 2),
(1069836, 336, 1302, 2),
(1069837, 336, 3881, 2),
(1069838, 336, 3882, 2),
(1069839, 336, 61, 2),
(1069840, 336, 3883, 2),
(1069841, 336, 1237, 2),
(1069842, 336, 3884, 2),
(1069843, 336, 162, 2),
(1069844, 336, 3885, 2),
(1069845, 336, 3886, 2),
(1069846, 336, 2678, 2),
(1069847, 336, 3887, 2),
(1069848, 336, 3888, 2),
(1069849, 336, 3889, 2),
(1069850, 336, 3890, 2),
(1069851, 336, 3891, 2),
(1069852, 336, 1501, 2),
(1069853, 336, 1090, 2),
(1069854, 336, 688, 2),
(1069855, 336, 500, 2),
(1069856, 336, 26, 1),
(1069857, 336, 28, 1),
(1069858, 336, 29, 1),
(1069859, 336, 32, 1),
(1069860, 336, 3892, 1),
(1069861, 336, 869, 1),
(1069862, 336, 3893, 1),
(1069863, 336, 133, 1),
(1069864, 336, 3894, 1),
(1069865, 336, 2991, 1),
(1069866, 336, 604, 1),
(1069867, 336, 3895, 1),
(1069868, 336, 3896, 1),
(1069869, 336, 3897, 1),
(1069870, 336, 841, 1),
(1069871, 336, 3898, 1),
(1069872, 336, 3899, 1),
(1069873, 336, 3900, 1),
(1069874, 336, 3901, 1),
(1069875, 336, 3902, 1),
(1069876, 336, 3903, 1),
(1069877, 336, 34, 1),
(1069878, 336, 3904, 1),
(1069879, 336, 3905, 1),
(1069880, 336, 3906, 1),
(1069881, 336, 1056, 1),
(1069882, 336, 1195, 1),
(1069883, 336, 1197, 1),
(1069884, 336, 3907, 1),
(1069885, 336, 1198, 1),
(1069886, 336, 3908, 1),
(1069887, 336, 1196, 1),
(1069888, 336, 3909, 1),
(1069889, 336, 3910, 1),
(1069890, 336, 1099, 1),
(1069891, 336, 3911, 1),
(1069892, 336, 3912, 1),
(1069893, 336, 1108, 1),
(1069894, 336, 1252, 1),
(1069895, 336, 681, 1),
(1069896, 336, 3913, 1),
(1069897, 336, 3914, 1),
(1069898, 336, 3915, 1),
(1069899, 336, 3916, 1),
(1069900, 336, 607, 1),
(1069901, 336, 890, 1),
(1069902, 336, 167, 1),
(1069903, 336, 562, 1),
(1069904, 336, 3917, 1),
(1069905, 336, 3918, 1),
(1069906, 336, 3919, 1),
(1069907, 336, 3920, 1),
(1069908, 336, 3921, 1),
(1069909, 336, 743, 1),
(1069910, 336, 1032, 1),
(1069911, 336, 3922, 1),
(1069912, 336, 3923, 1),
(1069913, 336, 579, 1),
(1069914, 336, 2173, 1),
(1069915, 336, 3924, 1),
(1069916, 336, 1925, 1),
(1069917, 336, 3925, 1),
(1069918, 336, 3926, 1),
(1069919, 336, 3927, 1),
(1069920, 336, 16, 1),
(1069921, 336, 3928, 1),
(1069922, 336, 199, 1),
(1069923, 336, 502, 1),
(1069924, 336, 3929, 1),
(1069925, 336, 3930, 1),
(1069926, 336, 3931, 1),
(1069927, 336, 3932, 1),
(1069928, 336, 3933, 1),
(1069929, 336, 106, 1),
(1069930, 336, 3934, 1),
(1069931, 336, 1037, 1),
(1069932, 336, 3935, 1),
(1069933, 336, 742, 1),
(1069934, 336, 3936, 1),
(1069935, 336, 482, 1),
(1069936, 336, 3937, 1),
(1069937, 336, 3938, 1),
(1069938, 336, 3939, 1),
(1069939, 336, 762, 1),
(1069940, 336, 101, 1),
(1069941, 336, 3940, 1),
(1069942, 336, 3941, 1),
(1069943, 336, 157, 1),
(1069944, 336, 258, 1),
(1069945, 336, 231, 1),
(1069946, 336, 3942, 1),
(1069947, 336, 3943, 1),
(1069948, 336, 3944, 1),
(1069949, 336, 3945, 1),
(1069950, 336, 3946, 1),
(1069951, 336, 3947, 1),
(1069952, 336, 3948, 1),
(1069953, 336, 3333, 1),
(1069954, 336, 3949, 1),
(1069955, 336, 2674, 1),
(1069956, 336, 3950, 1),
(1069957, 336, 1233, 1),
(1069958, 336, 337, 1),
(1069959, 336, 1168, 1),
(1069960, 336, 3951, 1),
(1069961, 336, 3095, 1),
(1069962, 336, 3952, 1),
(1069963, 336, 3953, 1),
(1069964, 336, 3954, 1),
(1069965, 336, 3955, 1),
(1069966, 336, 3956, 1),
(1069967, 336, 724, 1),
(1069968, 336, 3957, 1),
(1069969, 336, 3958, 1),
(1069970, 336, 3959, 1),
(1069971, 336, 3960, 1),
(1069972, 336, 3961, 1),
(1069973, 336, 3962, 1),
(1069974, 336, 3963, 1),
(1069975, 336, 3964, 1),
(1069976, 336, 3965, 1),
(1069977, 336, 3966, 1),
(1069978, 336, 3967, 1),
(1069979, 336, 3968, 1),
(1069980, 336, 1060, 1),
(1069981, 336, 1508, 1),
(1069982, 336, 3969, 1),
(1069983, 336, 3970, 1),
(1069984, 336, 20, 1),
(1069985, 336, 3971, 1),
(1069986, 336, 3972, 1),
(1069987, 336, 3973, 1),
(1069988, 336, 3974, 1),
(1069989, 336, 3975, 1),
(1069990, 336, 3976, 1),
(1069991, 336, 3977, 1),
(1069992, 336, 467, 1),
(1069993, 336, 3978, 1),
(1069994, 336, 155, 1),
(1069995, 336, 3979, 1),
(1069996, 336, 916, 1),
(1069997, 336, 3980, 1),
(1069998, 336, 123, 1),
(1069999, 336, 1240, 1),
(1070000, 336, 3981, 1),
(1070001, 336, 71, 1),
(1070002, 336, 3982, 1),
(1070003, 336, 3983, 1),
(1070004, 336, 3984, 1),
(1070005, 336, 3985, 1),
(1070006, 336, 3986, 1),
(1070007, 336, 373, 1),
(1070008, 336, 2279, 1),
(1070009, 336, 3987, 1),
(1070010, 336, 3988, 1),
(1070011, 336, 3989, 1),
(1070012, 336, 3990, 1),
(1070013, 336, 3991, 1),
(1070014, 336, 702, 1),
(1070015, 336, 3992, 1),
(1070016, 336, 466, 1),
(1070017, 336, 1053, 1),
(1070018, 336, 3993, 1),
(1070019, 336, 799, 1),
(1070020, 336, 54, 1),
(1070021, 336, 3994, 1),
(1070022, 336, 3995, 1),
(1070023, 336, 56, 1),
(1070024, 336, 57, 1),
(1070025, 336, 59, 1),
(1070026, 336, 60, 1),
(1070027, 336, 3996, 1),
(1070028, 336, 3997, 1),
(1070029, 336, 3998, 1),
(1070030, 336, 3999, 1),
(1070031, 336, 1172, 1),
(1070032, 336, 4000, 1),
(1070033, 336, 105, 1),
(1070034, 336, 94, 1),
(1070035, 336, 95, 1),
(1070036, 336, 92, 1),
(1070037, 336, 4001, 1),
(1070038, 336, 116, 1),
(1070039, 336, 641, 1),
(1070040, 336, 37, 1),
(1070041, 336, 1074, 1),
(1070042, 336, 267, 1),
(1070043, 336, 887, 1),
(1070044, 336, 4002, 1),
(1070045, 336, 150, 1),
(1070046, 336, 4003, 1),
(1070047, 336, 473, 1),
(1070048, 336, 1345, 1),
(1070049, 336, 760, 1),
(1070050, 336, 787, 1),
(1070051, 336, 3495, 1),
(1070052, 336, 647, 1),
(1070053, 336, 38, 1),
(1070054, 336, 14, 1),
(1070055, 336, 200, 1),
(1070056, 336, 4004, 1),
(1070057, 336, 880, 1),
(1070058, 336, 858, 1),
(1070059, 336, 1084, 1),
(1070060, 336, 4005, 1),
(1070061, 336, 884, 1),
(1070062, 336, 1215, 1),
(1070063, 336, 969, 1),
(1070064, 336, 4006, 1),
(1070065, 336, 86, 1),
(1070066, 337, 439, 2),
(1070067, 337, 4048, 1),
(1070068, 337, 4049, 1),
(1070069, 337, 3902, 1),
(1070070, 337, 4050, 1),
(1070071, 337, 3901, 1),
(1070072, 337, 253, 1),
(1070073, 337, 10, 1),
(1070074, 337, 88, 1),
(1070075, 337, 1996, 1),
(1070076, 337, 4051, 1),
(1070077, 338, 1517, 15),
(1070078, 338, 1518, 8),
(1070079, 338, 81, 8),
(1070080, 338, 392, 8),
(1070081, 338, 291, 8),
(1070082, 338, 1519, 8),
(1070083, 338, 587, 7),
(1070084, 338, 1259, 6),
(1070085, 338, 101, 5),
(1070086, 338, 213, 4),
(1070087, 338, 1339, 3),
(1070088, 338, 220, 3),
(1070089, 338, 221, 3),
(1070090, 338, 100, 3),
(1070091, 338, 138, 3),
(1070092, 338, 204, 3),
(1070093, 338, 97, 3),
(1070094, 338, 1520, 3),
(1070095, 338, 15, 3),
(1070096, 338, 1140, 3),
(1070097, 338, 1521, 3),
(1070098, 338, 231, 2),
(1070099, 338, 206, 2),
(1070100, 338, 1522, 2),
(1070101, 338, 218, 2),
(1070102, 338, 208, 2),
(1070103, 338, 449, 2),
(1070104, 338, 369, 2),
(1070105, 338, 820, 2),
(1070106, 338, 1523, 2),
(1070107, 338, 329, 2),
(1070108, 338, 337, 2),
(1070109, 338, 327, 2),
(1070110, 338, 1524, 2),
(1070111, 338, 1525, 2),
(1070112, 338, 322, 2),
(1070113, 338, 1526, 2),
(1070114, 338, 131, 1),
(1070115, 338, 199, 1),
(1070116, 338, 1015, 1),
(1070117, 338, 307, 1),
(1070118, 338, 1016, 1),
(1070119, 338, 150, 1),
(1070120, 338, 238, 1),
(1070121, 338, 223, 1),
(1070122, 338, 217, 1),
(1070123, 338, 246, 1),
(1070124, 338, 224, 1),
(1070125, 338, 1527, 1),
(1070126, 338, 458, 1),
(1070127, 338, 459, 1),
(1070128, 338, 460, 1),
(1070129, 338, 461, 1),
(1070130, 338, 1528, 1),
(1070131, 338, 463, 1),
(1070132, 338, 297, 1),
(1070133, 338, 1529, 1),
(1070134, 338, 1530, 1),
(1070135, 338, 1009, 1),
(1070136, 338, 404, 1),
(1070137, 338, 1011, 1),
(1070138, 338, 234, 1),
(1070139, 338, 161, 1),
(1070140, 338, 219, 1),
(1070141, 338, 244, 1),
(1070142, 338, 316, 1),
(1070143, 338, 1531, 1),
(1070144, 338, 6, 1),
(1070145, 338, 806, 1),
(1070146, 338, 10, 1),
(1070147, 338, 88, 1),
(1070148, 338, 1532, 1),
(1070149, 338, 1533, 1),
(1070150, 338, 348, 1),
(1070151, 338, 349, 1),
(1070152, 338, 321, 1),
(1070153, 338, 280, 1),
(1070154, 338, 289, 1),
(1070155, 338, 36, 1),
(1070156, 338, 8, 1),
(1070157, 338, 1534, 1),
(1070158, 338, 1535, 1),
(1070159, 338, 371, 1),
(1070160, 338, 372, 1),
(1070161, 338, 427, 1),
(1070162, 338, 521, 1),
(1070163, 338, 593, 1),
(1070164, 338, 1536, 1),
(1070165, 338, 1537, 1),
(1070166, 338, 1538, 1),
(1070167, 338, 1539, 1),
(1070168, 338, 1540, 1),
(1070169, 338, 1541, 1),
(1070170, 338, 1542, 1),
(1070171, 338, 1543, 1),
(1070172, 338, 1544, 1),
(1070173, 338, 1545, 1),
(1070174, 338, 1546, 1),
(1070175, 338, 1547, 1),
(1070176, 339, 1517, 15),
(1070177, 339, 1518, 8),
(1070178, 339, 81, 8),
(1070179, 339, 392, 8),
(1070180, 339, 291, 8),
(1070181, 339, 1519, 8),
(1070182, 339, 587, 7),
(1070183, 339, 1259, 6),
(1070184, 339, 101, 5),
(1070185, 339, 213, 4),
(1070186, 339, 1341, 3),
(1070187, 339, 220, 3),
(1070188, 339, 221, 3),
(1070189, 339, 100, 3),
(1070190, 339, 138, 3),
(1070191, 339, 204, 3),
(1070192, 339, 97, 3),
(1070193, 339, 1520, 3),
(1070194, 339, 15, 3),
(1070195, 339, 1140, 3),
(1070196, 339, 1521, 3),
(1070197, 339, 231, 2),
(1070198, 339, 206, 2),
(1070199, 339, 1522, 2),
(1070200, 339, 218, 2),
(1070201, 339, 208, 2),
(1070202, 339, 449, 2),
(1070203, 339, 369, 2),
(1070204, 339, 820, 2),
(1070205, 339, 1523, 2),
(1070206, 339, 329, 2),
(1070207, 339, 337, 2),
(1070208, 339, 327, 2),
(1070209, 339, 1524, 2),
(1070210, 339, 1525, 2),
(1070211, 339, 322, 2),
(1070212, 339, 1526, 2),
(1070213, 339, 131, 1),
(1070214, 339, 199, 1),
(1070215, 339, 1015, 1),
(1070216, 339, 307, 1),
(1070217, 339, 1016, 1),
(1070218, 339, 150, 1),
(1070219, 339, 238, 1),
(1070220, 339, 223, 1),
(1070221, 339, 217, 1),
(1070222, 339, 246, 1),
(1070223, 339, 224, 1),
(1070224, 339, 1527, 1),
(1070225, 339, 458, 1),
(1070226, 339, 459, 1),
(1070227, 339, 460, 1),
(1070228, 339, 461, 1),
(1070229, 339, 1528, 1),
(1070230, 339, 463, 1),
(1070231, 339, 297, 1),
(1070232, 339, 1529, 1),
(1070233, 339, 1530, 1),
(1070234, 339, 1009, 1),
(1070235, 339, 404, 1),
(1070236, 339, 1011, 1),
(1070237, 339, 234, 1),
(1070238, 339, 161, 1),
(1070239, 339, 219, 1),
(1070240, 339, 244, 1),
(1070241, 339, 316, 1),
(1070242, 339, 1531, 1),
(1070243, 339, 6, 1),
(1070244, 339, 806, 1),
(1070245, 339, 10, 1),
(1070246, 339, 88, 1),
(1070247, 339, 1532, 1),
(1070248, 339, 1533, 1),
(1070249, 339, 348, 1),
(1070250, 339, 349, 1),
(1070251, 339, 321, 1),
(1070252, 339, 280, 1),
(1070253, 339, 289, 1),
(1070254, 339, 36, 1),
(1070255, 339, 8, 1),
(1070256, 339, 1534, 1),
(1070257, 339, 1535, 1),
(1070258, 339, 371, 1),
(1070259, 339, 372, 1),
(1070260, 339, 427, 1),
(1070261, 339, 521, 1),
(1070262, 339, 593, 1),
(1070263, 339, 1536, 1),
(1070264, 339, 1537, 1),
(1070265, 339, 1538, 1),
(1070266, 339, 1539, 1),
(1070267, 339, 1540, 1),
(1070268, 339, 1541, 1),
(1070269, 339, 1542, 1),
(1070270, 339, 1543, 1),
(1070271, 339, 1544, 1),
(1070272, 339, 1545, 1),
(1070273, 339, 1546, 1),
(1070274, 339, 1547, 1),
(1070275, 340, 1517, 15),
(1070276, 340, 1518, 8),
(1070277, 340, 81, 8),
(1070278, 340, 392, 8),
(1070279, 340, 291, 8),
(1070280, 340, 1519, 8),
(1070281, 340, 587, 7),
(1070282, 340, 1259, 6),
(1070283, 340, 101, 5),
(1070284, 340, 213, 4),
(1070285, 340, 1342, 3),
(1070286, 340, 220, 3),
(1070287, 340, 221, 3),
(1070288, 340, 100, 3),
(1070289, 340, 138, 3),
(1070290, 340, 204, 3),
(1070291, 340, 97, 3),
(1070292, 340, 1520, 3),
(1070293, 340, 15, 3),
(1070294, 340, 1140, 3),
(1070295, 340, 1521, 3),
(1070296, 340, 231, 2),
(1070297, 340, 206, 2),
(1070298, 340, 1522, 2),
(1070299, 340, 218, 2),
(1070300, 340, 208, 2),
(1070301, 340, 449, 2),
(1070302, 340, 369, 2),
(1070303, 340, 820, 2),
(1070304, 340, 1523, 2),
(1070305, 340, 329, 2),
(1070306, 340, 337, 2),
(1070307, 340, 327, 2),
(1070308, 340, 1524, 2),
(1070309, 340, 1525, 2),
(1070310, 340, 322, 2),
(1070311, 340, 1526, 2),
(1070312, 340, 131, 1),
(1070313, 340, 199, 1),
(1070314, 340, 1015, 1),
(1070315, 340, 307, 1),
(1070316, 340, 1016, 1),
(1070317, 340, 150, 1),
(1070318, 340, 238, 1),
(1070319, 340, 223, 1),
(1070320, 340, 217, 1),
(1070321, 340, 246, 1),
(1070322, 340, 224, 1),
(1070323, 340, 1527, 1),
(1070324, 340, 458, 1),
(1070325, 340, 459, 1),
(1070326, 340, 460, 1),
(1070327, 340, 461, 1),
(1070328, 340, 1528, 1),
(1070329, 340, 463, 1),
(1070330, 340, 297, 1),
(1070331, 340, 1529, 1),
(1070332, 340, 1530, 1),
(1070333, 340, 1009, 1),
(1070334, 340, 404, 1),
(1070335, 340, 1011, 1),
(1070336, 340, 234, 1),
(1070337, 340, 161, 1),
(1070338, 340, 219, 1),
(1070339, 340, 244, 1),
(1070340, 340, 316, 1),
(1070341, 340, 1531, 1),
(1070342, 340, 6, 1),
(1070343, 340, 806, 1),
(1070344, 340, 10, 1),
(1070345, 340, 88, 1),
(1070346, 340, 1532, 1),
(1070347, 340, 348, 1),
(1070348, 340, 349, 1),
(1070349, 340, 321, 1),
(1070350, 340, 280, 1),
(1070351, 340, 289, 1),
(1070352, 340, 36, 1),
(1070353, 340, 8, 1),
(1070354, 340, 1534, 1),
(1070355, 340, 1535, 1),
(1070356, 340, 371, 1),
(1070357, 340, 372, 1),
(1070358, 340, 427, 1),
(1070359, 340, 521, 1),
(1070360, 340, 593, 1),
(1070361, 340, 1536, 1),
(1070362, 340, 1537, 1),
(1070363, 340, 1538, 1),
(1070364, 340, 1539, 1),
(1070365, 340, 1540, 1),
(1070366, 340, 1541, 1),
(1070367, 340, 1542, 1),
(1070368, 340, 1543, 1),
(1070369, 340, 1544, 1),
(1070370, 340, 1545, 1),
(1070371, 340, 1546, 1),
(1070372, 340, 1547, 1),
(1070373, 285, 97, 2),
(1070374, 285, 10, 1),
(1070375, 285, 127, 1),
(1070376, 285, 128, 1),
(1070377, 285, 129, 1),
(1070378, 285, 130, 1),
(1070379, 285, 131, 1),
(1070380, 285, 132, 1),
(1070381, 285, 133, 1),
(1070382, 285, 134, 1),
(1070383, 285, 135, 1),
(1070384, 285, 122, 1),
(1070385, 285, 123, 1),
(1070386, 285, 124, 1),
(1070387, 285, 125, 1),
(1070388, 285, 82, 1),
(1070389, 285, 126, 1),
(1070390, 285, 8, 1),
(1070391, 285, 136, 1),
(1070392, 319, 6, 8),
(1070393, 319, 88, 6),
(1070394, 319, 89, 4),
(1070395, 319, 90, 3),
(1070396, 319, 91, 3),
(1070397, 319, 92, 3),
(1070398, 319, 93, 2),
(1070399, 319, 94, 2),
(1070400, 319, 95, 2),
(1070401, 319, 96, 2),
(1070402, 319, 97, 1),
(1070403, 319, 98, 1),
(1070404, 319, 99, 1),
(1070405, 319, 100, 1),
(1070406, 319, 101, 1),
(1070407, 319, 102, 1),
(1070408, 319, 103, 1),
(1070409, 319, 26, 1),
(1070410, 319, 104, 1),
(1070411, 319, 27, 1),
(1070412, 319, 28, 1),
(1070413, 319, 29, 1),
(1070414, 319, 52, 1),
(1070415, 319, 33, 1),
(1070416, 319, 105, 1),
(1070417, 319, 15, 1),
(1070418, 319, 7, 1),
(1070419, 319, 106, 1),
(1070420, 319, 107, 1),
(1070421, 319, 108, 1),
(1070422, 319, 109, 1),
(1070423, 319, 110, 1),
(1070424, 319, 111, 1),
(1070425, 319, 112, 1),
(1070426, 319, 113, 1),
(1070427, 319, 114, 1),
(1070428, 319, 115, 1),
(1070429, 319, 13, 1),
(1070430, 319, 116, 1),
(1070431, 319, 117, 1),
(1070432, 319, 118, 1),
(1070433, 319, 119, 1),
(1070434, 319, 120, 1),
(1070435, 319, 121, 1),
(1070436, 319, 122, 1),
(1070437, 319, 123, 1),
(1070438, 319, 124, 1),
(1070439, 319, 125, 1),
(1070440, 319, 82, 1),
(1070441, 319, 126, 1),
(1070442, 286, 97, 2),
(1070443, 286, 10, 1),
(1070444, 286, 127, 1),
(1070445, 286, 128, 1),
(1070446, 286, 129, 1),
(1070447, 286, 130, 1),
(1070448, 286, 131, 1),
(1070449, 286, 132, 1),
(1070450, 286, 133, 1),
(1070451, 286, 134, 1),
(1070452, 286, 135, 1),
(1070453, 286, 122, 1),
(1070454, 286, 123, 1),
(1070455, 286, 124, 1),
(1070456, 286, 125, 1),
(1070457, 286, 82, 1),
(1070458, 286, 126, 1),
(1070459, 286, 8, 1),
(1070460, 286, 136, 1),
(1070461, 290, 182, 2),
(1070462, 290, 183, 2),
(1070463, 290, 184, 1),
(1070464, 290, 10, 1),
(1070465, 290, 185, 1),
(1070466, 290, 186, 1),
(1070467, 290, 187, 1),
(1070468, 290, 188, 1),
(1070469, 290, 189, 1),
(1070470, 290, 190, 1),
(1070471, 290, 191, 1),
(1070472, 290, 192, 1),
(1070473, 290, 193, 1),
(1070474, 293, 199, 5),
(1070475, 293, 10, 4),
(1070476, 293, 74, 3),
(1070477, 293, 200, 3),
(1070478, 293, 201, 3),
(1070479, 293, 12, 3),
(1070480, 293, 56, 3),
(1070481, 293, 202, 3),
(1070482, 293, 26, 1),
(1070483, 293, 6, 1),
(1070484, 293, 27, 1),
(1070485, 293, 28, 1),
(1070486, 293, 29, 1),
(1070487, 293, 30, 1),
(1070488, 293, 31, 1),
(1070489, 293, 32, 1),
(1070490, 293, 33, 1),
(1070491, 293, 15, 1),
(1070492, 293, 104, 1),
(1070493, 293, 88, 1),
(1070494, 293, 86, 1),
(1070495, 293, 87, 1),
(1070496, 294, 203, 12),
(1070497, 294, 204, 7),
(1070498, 294, 205, 6),
(1070499, 294, 206, 4),
(1070500, 294, 207, 3),
(1070501, 294, 208, 3),
(1070502, 294, 138, 3),
(1070503, 294, 209, 3),
(1070504, 294, 210, 3),
(1070505, 294, 199, 3),
(1070506, 294, 211, 3),
(1070507, 294, 212, 3),
(1070508, 294, 213, 3),
(1070509, 294, 214, 3),
(1070510, 294, 215, 2),
(1070511, 294, 216, 2),
(1070512, 294, 217, 2),
(1070513, 294, 218, 2),
(1070514, 294, 219, 2),
(1070515, 294, 220, 2),
(1070516, 294, 221, 2),
(1070517, 294, 222, 2),
(1070518, 294, 223, 2),
(1070519, 294, 224, 2),
(1070520, 294, 225, 2),
(1070521, 294, 226, 2),
(1070522, 294, 161, 2),
(1070523, 294, 227, 2),
(1070524, 294, 228, 2),
(1070525, 294, 229, 2),
(1070526, 294, 230, 2),
(1070527, 294, 231, 1),
(1070528, 294, 232, 1),
(1070529, 294, 233, 1),
(1070530, 294, 234, 1),
(1070531, 294, 235, 1),
(1070532, 294, 236, 1),
(1070533, 294, 237, 1),
(1070534, 294, 238, 1),
(1070535, 294, 239, 1),
(1070536, 294, 240, 1);
INSERT INTO `page_word` (`id`, `page_id`, `word_id`, `count`) VALUES
(1070537, 294, 241, 1),
(1070538, 294, 242, 1),
(1070539, 294, 243, 1),
(1070540, 294, 244, 1),
(1070541, 294, 245, 1),
(1070542, 294, 246, 1),
(1070543, 294, 247, 1),
(1070544, 294, 77, 1),
(1070545, 294, 248, 1),
(1070546, 294, 249, 1),
(1070547, 294, 250, 1),
(1070548, 294, 251, 1),
(1070549, 294, 252, 1),
(1070550, 294, 253, 1),
(1070551, 294, 254, 1),
(1070552, 294, 255, 1),
(1070553, 294, 256, 1),
(1070554, 294, 257, 1),
(1070555, 294, 258, 1),
(1070556, 294, 259, 1),
(1070557, 294, 260, 1),
(1070558, 294, 84, 1),
(1070559, 294, 261, 1),
(1070560, 294, 262, 1),
(1070561, 294, 263, 1),
(1070562, 294, 264, 1),
(1070563, 294, 265, 1),
(1070564, 294, 266, 1),
(1070565, 294, 267, 1),
(1070566, 294, 268, 1),
(1070567, 294, 269, 1),
(1070568, 294, 270, 1),
(1070569, 294, 271, 1),
(1070570, 294, 194, 1),
(1070571, 294, 184, 1),
(1070572, 294, 272, 1),
(1070573, 294, 273, 1),
(1070574, 294, 181, 1),
(1070575, 294, 274, 1),
(1070576, 294, 275, 1),
(1070577, 294, 276, 1),
(1070578, 294, 137, 1),
(1070579, 295, 136, 42),
(1070580, 295, 277, 39),
(1070581, 295, 278, 37),
(1070582, 295, 263, 31),
(1070583, 295, 279, 30),
(1070584, 295, 201, 26),
(1070585, 295, 280, 26),
(1070586, 295, 281, 24),
(1070587, 295, 282, 22),
(1070588, 295, 283, 22),
(1070589, 295, 97, 22),
(1070590, 295, 284, 20),
(1070591, 295, 285, 19),
(1070592, 295, 286, 19),
(1070593, 295, 287, 19),
(1070594, 295, 199, 18),
(1070595, 295, 131, 18),
(1070596, 295, 8, 16),
(1070597, 295, 288, 16),
(1070598, 295, 289, 15),
(1070599, 295, 290, 15),
(1070600, 295, 291, 14),
(1070601, 295, 292, 13),
(1070602, 295, 293, 13),
(1070603, 295, 294, 12),
(1070604, 295, 295, 12),
(1070605, 295, 296, 12),
(1070606, 295, 297, 11),
(1070607, 295, 298, 11),
(1070608, 295, 299, 11),
(1070609, 295, 81, 10),
(1070610, 295, 300, 10),
(1070611, 295, 301, 10),
(1070612, 295, 302, 10),
(1070613, 295, 303, 10),
(1070614, 295, 304, 10),
(1070615, 295, 305, 10),
(1070616, 295, 306, 10),
(1070617, 295, 204, 9),
(1070618, 295, 307, 9),
(1070619, 295, 308, 9),
(1070620, 295, 309, 9),
(1070621, 295, 310, 9),
(1070622, 295, 311, 9),
(1070623, 295, 312, 9),
(1070624, 295, 313, 9),
(1070625, 295, 212, 9),
(1070626, 295, 314, 9),
(1070627, 295, 315, 9),
(1070628, 295, 316, 8),
(1070629, 295, 317, 8),
(1070630, 295, 318, 8),
(1070631, 295, 319, 8),
(1070632, 295, 238, 7),
(1070633, 295, 320, 7),
(1070634, 295, 1, 7),
(1070635, 295, 321, 7),
(1070636, 295, 322, 7),
(1070637, 295, 323, 7),
(1070638, 295, 324, 7),
(1070639, 295, 325, 7),
(1070640, 295, 326, 7),
(1070641, 295, 327, 7),
(1070642, 295, 210, 6),
(1070643, 295, 227, 6),
(1070644, 295, 328, 6),
(1070645, 295, 329, 6),
(1070646, 295, 12, 6),
(1070647, 295, 330, 6),
(1070648, 295, 331, 6),
(1070649, 295, 332, 6),
(1070650, 295, 333, 6),
(1070651, 295, 334, 6),
(1070652, 295, 335, 6),
(1070653, 295, 33, 6),
(1070654, 295, 336, 6),
(1070655, 295, 224, 5),
(1070656, 295, 234, 5),
(1070657, 295, 337, 5),
(1070658, 295, 338, 5),
(1070659, 295, 87, 5),
(1070660, 295, 339, 5),
(1070661, 295, 340, 5),
(1070662, 295, 341, 5),
(1070663, 295, 342, 5),
(1070664, 295, 343, 5),
(1070665, 295, 82, 5),
(1070666, 295, 10, 4),
(1070667, 295, 344, 4),
(1070668, 295, 345, 4),
(1070669, 295, 221, 4),
(1070670, 295, 260, 4),
(1070671, 295, 346, 4),
(1070672, 295, 6, 4),
(1070673, 295, 88, 4),
(1070674, 295, 347, 4),
(1070675, 295, 157, 4),
(1070676, 295, 348, 4),
(1070677, 295, 349, 4),
(1070678, 295, 350, 4),
(1070679, 295, 351, 4),
(1070680, 295, 352, 4),
(1070681, 295, 353, 4),
(1070682, 295, 354, 4),
(1070683, 295, 355, 4),
(1070684, 295, 356, 4),
(1070685, 295, 71, 4),
(1070686, 295, 357, 4),
(1070687, 295, 358, 4),
(1070688, 295, 93, 4),
(1070689, 295, 359, 4),
(1070690, 295, 360, 4),
(1070691, 295, 361, 4),
(1070692, 295, 362, 3),
(1070693, 295, 363, 3),
(1070694, 295, 364, 3),
(1070695, 295, 365, 3),
(1070696, 295, 366, 3),
(1070697, 295, 367, 3),
(1070698, 295, 368, 3),
(1070699, 295, 9, 3),
(1070700, 295, 203, 3),
(1070701, 295, 369, 3),
(1070702, 295, 370, 3),
(1070703, 295, 371, 3),
(1070704, 295, 372, 3),
(1070705, 295, 373, 3),
(1070706, 295, 374, 3),
(1070707, 295, 375, 3),
(1070708, 295, 376, 3),
(1070709, 295, 377, 3),
(1070710, 295, 378, 3),
(1070711, 295, 379, 3),
(1070712, 295, 380, 3),
(1070713, 295, 381, 2),
(1070714, 295, 219, 2),
(1070715, 295, 382, 2),
(1070716, 295, 214, 2),
(1070717, 295, 249, 2),
(1070718, 295, 383, 2),
(1070719, 295, 213, 2),
(1070720, 295, 384, 2),
(1070721, 295, 243, 2),
(1070722, 295, 385, 2),
(1070723, 295, 386, 2),
(1070724, 295, 387, 2),
(1070725, 295, 388, 2),
(1070726, 295, 389, 2),
(1070727, 295, 390, 2),
(1070728, 295, 391, 2),
(1070729, 295, 392, 2),
(1070730, 295, 393, 2),
(1070731, 295, 394, 2),
(1070732, 295, 395, 2),
(1070733, 295, 396, 2),
(1070734, 295, 397, 2),
(1070735, 295, 398, 2),
(1070736, 295, 399, 2),
(1070737, 295, 400, 2),
(1070738, 295, 401, 2),
(1070739, 295, 402, 2),
(1070740, 295, 403, 2),
(1070741, 295, 404, 2),
(1070742, 295, 405, 2),
(1070743, 295, 406, 2),
(1070744, 295, 407, 2),
(1070745, 295, 408, 2),
(1070746, 295, 409, 2),
(1070747, 295, 410, 2),
(1070748, 295, 411, 2),
(1070749, 295, 412, 2),
(1070750, 295, 413, 2),
(1070751, 295, 414, 2),
(1070752, 295, 415, 2),
(1070753, 295, 416, 2),
(1070754, 295, 417, 2),
(1070755, 295, 418, 2),
(1070756, 295, 419, 2),
(1070757, 295, 420, 2),
(1070758, 295, 421, 2),
(1070759, 295, 70, 2),
(1070760, 295, 422, 2),
(1070761, 295, 423, 2),
(1070762, 295, 424, 2),
(1070763, 295, 425, 2),
(1070764, 295, 426, 2),
(1070765, 295, 427, 2),
(1070766, 295, 428, 2),
(1070767, 295, 429, 2),
(1070768, 295, 430, 2),
(1070769, 295, 431, 2),
(1070770, 295, 432, 2),
(1070771, 295, 433, 2),
(1070772, 295, 231, 1),
(1070773, 295, 218, 1),
(1070774, 295, 434, 1),
(1070775, 295, 435, 1),
(1070776, 295, 436, 1),
(1070777, 295, 437, 1),
(1070778, 295, 438, 1),
(1070779, 295, 439, 1),
(1070780, 295, 223, 1),
(1070781, 295, 440, 1),
(1070782, 295, 441, 1),
(1070783, 295, 442, 1),
(1070784, 295, 206, 1),
(1070785, 295, 217, 1),
(1070786, 295, 232, 1),
(1070787, 295, 233, 1),
(1070788, 295, 443, 1),
(1070789, 295, 444, 1),
(1070790, 295, 445, 1),
(1070791, 295, 446, 1),
(1070792, 295, 447, 1),
(1070793, 295, 448, 1),
(1070794, 295, 449, 1),
(1070795, 295, 450, 1),
(1070796, 295, 451, 1),
(1070797, 295, 452, 1),
(1070798, 295, 453, 1),
(1070799, 295, 454, 1),
(1070800, 295, 455, 1),
(1070801, 295, 456, 1),
(1070802, 295, 457, 1),
(1070803, 295, 458, 1),
(1070804, 295, 459, 1),
(1070805, 295, 460, 1),
(1070806, 295, 461, 1),
(1070807, 295, 462, 1),
(1070808, 295, 138, 1),
(1070809, 295, 463, 1),
(1070810, 295, 464, 1),
(1070811, 295, 275, 1),
(1070812, 295, 465, 1),
(1070813, 295, 269, 1),
(1070814, 295, 466, 1),
(1070815, 295, 467, 1),
(1070816, 295, 468, 1),
(1070817, 295, 469, 1),
(1070818, 295, 470, 1),
(1070819, 295, 124, 1),
(1070820, 295, 471, 1),
(1070821, 295, 472, 1),
(1070822, 295, 100, 1),
(1070823, 295, 473, 1),
(1070824, 295, 474, 1),
(1070825, 295, 21, 1),
(1070826, 295, 154, 1),
(1070827, 295, 255, 1),
(1070828, 295, 475, 1),
(1070829, 295, 29, 1),
(1070830, 295, 476, 1),
(1070831, 295, 477, 1),
(1070832, 295, 478, 1),
(1070833, 295, 479, 1),
(1070834, 295, 480, 1),
(1070835, 295, 481, 1),
(1070836, 295, 482, 1),
(1070837, 295, 483, 1),
(1070838, 295, 484, 1),
(1070839, 295, 485, 1),
(1070840, 295, 486, 1),
(1070841, 295, 487, 1),
(1070842, 295, 488, 1),
(1070843, 295, 489, 1),
(1070844, 295, 490, 1),
(1070845, 295, 491, 1),
(1070846, 295, 492, 1),
(1070847, 295, 493, 1),
(1070848, 295, 494, 1),
(1070849, 295, 495, 1),
(1070850, 295, 496, 1),
(1070851, 295, 497, 1),
(1070852, 295, 26, 1),
(1070853, 295, 498, 1),
(1070854, 295, 499, 1),
(1070855, 295, 500, 1),
(1070856, 295, 501, 1),
(1070857, 295, 502, 1),
(1070858, 295, 503, 1),
(1070859, 295, 504, 1),
(1070860, 295, 505, 1),
(1070861, 295, 506, 1),
(1070862, 295, 507, 1),
(1070863, 295, 20, 1),
(1070864, 295, 132, 1),
(1070865, 295, 508, 1),
(1070866, 295, 509, 1),
(1070867, 295, 510, 1),
(1070868, 295, 511, 1),
(1070869, 295, 512, 1),
(1070870, 295, 513, 1),
(1070871, 295, 514, 1),
(1070872, 295, 515, 1),
(1070873, 295, 516, 1),
(1070874, 295, 517, 1),
(1070875, 295, 518, 1),
(1070876, 295, 162, 1),
(1070877, 295, 519, 1),
(1070878, 295, 520, 1),
(1070879, 295, 521, 1),
(1070880, 295, 522, 1),
(1070881, 295, 523, 1),
(1070882, 295, 524, 1),
(1070883, 295, 525, 1),
(1070884, 295, 526, 1),
(1070885, 295, 527, 1),
(1070886, 295, 528, 1),
(1070887, 295, 529, 1),
(1070888, 295, 530, 1),
(1070889, 295, 531, 1),
(1070890, 295, 50, 1),
(1070891, 295, 532, 1),
(1070892, 295, 533, 1),
(1070893, 295, 534, 1),
(1070894, 295, 535, 1),
(1070895, 295, 142, 1),
(1070896, 295, 128, 1),
(1070897, 295, 536, 1),
(1070898, 295, 537, 1),
(1070899, 295, 538, 1),
(1070900, 295, 539, 1),
(1070901, 295, 540, 1),
(1070902, 295, 541, 1),
(1070903, 295, 542, 1),
(1070904, 295, 543, 1),
(1070905, 295, 544, 1),
(1070906, 295, 545, 1),
(1070907, 295, 546, 1),
(1070908, 295, 547, 1),
(1070909, 295, 548, 1),
(1070910, 295, 549, 1),
(1070911, 295, 550, 1),
(1070912, 296, 480, 12),
(1070913, 296, 280, 11),
(1070914, 296, 279, 9),
(1070915, 296, 551, 9),
(1070916, 296, 498, 9),
(1070917, 296, 97, 8),
(1070918, 296, 269, 8),
(1070919, 296, 10, 8),
(1070920, 296, 1, 8),
(1070921, 296, 281, 7),
(1070922, 296, 298, 7),
(1070923, 296, 552, 7),
(1070924, 296, 12, 6),
(1070925, 296, 553, 5),
(1070926, 296, 278, 5),
(1070927, 296, 554, 5),
(1070928, 296, 555, 5),
(1070929, 296, 417, 5),
(1070930, 296, 556, 5),
(1070931, 296, 314, 5),
(1070932, 296, 88, 4),
(1070933, 296, 352, 4),
(1070934, 296, 318, 4),
(1070935, 296, 516, 4),
(1070936, 296, 557, 4),
(1070937, 296, 289, 4),
(1070938, 296, 199, 4),
(1070939, 296, 558, 3),
(1070940, 296, 6, 3),
(1070941, 296, 559, 3),
(1070942, 296, 560, 3),
(1070943, 296, 459, 3),
(1070944, 296, 561, 3),
(1070945, 296, 562, 3),
(1070946, 296, 563, 3),
(1070947, 296, 297, 3),
(1070948, 296, 564, 3),
(1070949, 296, 565, 3),
(1070950, 296, 566, 3),
(1070951, 296, 567, 3),
(1070952, 296, 568, 2),
(1070953, 296, 569, 2),
(1070954, 296, 291, 2),
(1070955, 296, 570, 2),
(1070956, 296, 215, 2),
(1070957, 296, 571, 2),
(1070958, 296, 549, 2),
(1070959, 296, 308, 2),
(1070960, 296, 572, 2),
(1070961, 296, 573, 2),
(1070962, 296, 212, 2),
(1070963, 296, 574, 2),
(1070964, 296, 575, 2),
(1070965, 296, 42, 2),
(1070966, 296, 576, 2),
(1070967, 296, 577, 2),
(1070968, 296, 578, 2),
(1070969, 296, 579, 2),
(1070970, 296, 580, 1),
(1070971, 296, 581, 1),
(1070972, 296, 224, 1),
(1070973, 296, 401, 1),
(1070974, 296, 582, 1),
(1070975, 296, 583, 1),
(1070976, 296, 584, 1),
(1070977, 296, 585, 1),
(1070978, 296, 586, 1),
(1070979, 296, 587, 1),
(1070980, 296, 588, 1),
(1070981, 296, 284, 1),
(1070982, 296, 589, 1),
(1070983, 296, 590, 1),
(1070984, 296, 591, 1),
(1070985, 296, 15, 1),
(1070986, 296, 592, 1),
(1070987, 296, 593, 1),
(1070988, 296, 436, 1),
(1070989, 296, 594, 1),
(1070990, 296, 595, 1),
(1070991, 296, 596, 1),
(1070992, 296, 157, 1),
(1070993, 296, 597, 1),
(1070994, 296, 87, 1),
(1070995, 296, 402, 1),
(1070996, 296, 227, 1),
(1070997, 296, 598, 1),
(1070998, 296, 421, 1),
(1070999, 296, 599, 1),
(1071000, 296, 600, 1),
(1071001, 296, 332, 1),
(1071002, 296, 201, 1),
(1071003, 296, 70, 1),
(1071004, 296, 252, 1),
(1071005, 296, 277, 1),
(1071006, 296, 127, 1),
(1071007, 296, 601, 1),
(1071008, 296, 602, 1),
(1071009, 296, 603, 1),
(1071010, 296, 604, 1),
(1071011, 296, 605, 1),
(1071012, 296, 606, 1),
(1071013, 296, 368, 1),
(1071014, 296, 607, 1),
(1071015, 296, 608, 1),
(1071016, 296, 609, 1),
(1071017, 296, 29, 1),
(1071018, 296, 610, 1),
(1071019, 296, 128, 1),
(1071020, 296, 611, 1),
(1071021, 296, 612, 1),
(1071022, 296, 613, 1),
(1071023, 296, 614, 1),
(1071024, 296, 615, 1),
(1071025, 296, 616, 1),
(1071026, 296, 617, 1),
(1071027, 296, 618, 1),
(1071028, 296, 172, 1),
(1071029, 296, 130, 1),
(1071030, 296, 8, 1),
(1071031, 296, 619, 1),
(1071032, 296, 620, 1),
(1071033, 296, 621, 1),
(1071034, 296, 37, 1),
(1071035, 296, 622, 1),
(1071036, 296, 623, 1),
(1071037, 296, 624, 1),
(1071038, 296, 625, 1),
(1071039, 296, 626, 1),
(1071040, 296, 216, 1),
(1071041, 296, 627, 1),
(1071042, 296, 628, 1),
(1071043, 296, 629, 1),
(1071044, 296, 630, 1),
(1071045, 296, 631, 1),
(1071046, 296, 632, 1),
(1071047, 296, 633, 1),
(1071048, 296, 634, 1),
(1071049, 296, 635, 1),
(1071050, 296, 636, 1),
(1071051, 296, 150, 1),
(1071052, 296, 637, 1),
(1071053, 296, 638, 1),
(1071054, 296, 197, 1),
(1071055, 296, 639, 1),
(1071056, 296, 640, 1),
(1071057, 296, 116, 1),
(1071058, 296, 641, 1),
(1071059, 296, 642, 1),
(1071060, 296, 643, 1),
(1071061, 296, 644, 1),
(1071062, 296, 645, 1),
(1071063, 296, 646, 1),
(1071064, 296, 647, 1),
(1071065, 296, 648, 1),
(1071066, 297, 279, 16),
(1071067, 297, 280, 13),
(1071068, 297, 289, 13),
(1071069, 297, 8, 4),
(1071070, 297, 302, 4),
(1071071, 297, 4007, 4),
(1071072, 297, 4008, 4),
(1071073, 297, 249, 4),
(1071074, 297, 649, 3),
(1071075, 297, 10, 3),
(1071076, 297, 551, 3),
(1071077, 297, 4009, 3),
(1071078, 297, 138, 3),
(1071079, 297, 209, 3),
(1071080, 297, 568, 3),
(1071081, 297, 210, 2),
(1071082, 297, 238, 2),
(1071083, 297, 12, 2),
(1071084, 297, 15, 2),
(1071085, 297, 1190, 2),
(1071086, 297, 4010, 2),
(1071087, 297, 4011, 2),
(1071088, 297, 4012, 2),
(1071089, 297, 4013, 2),
(1071090, 297, 4014, 2),
(1071091, 297, 4015, 2),
(1071092, 297, 4016, 2),
(1071093, 297, 71, 2),
(1071094, 297, 4017, 2),
(1071095, 297, 70, 2),
(1071096, 297, 311, 2),
(1071097, 297, 76, 1),
(1071098, 297, 4018, 1),
(1071099, 297, 319, 1),
(1071100, 297, 20, 1),
(1071101, 297, 922, 1),
(1071102, 297, 821, 1),
(1071103, 297, 1040, 1),
(1071104, 297, 4019, 1),
(1071105, 297, 839, 1),
(1071106, 297, 4020, 1),
(1071107, 297, 967, 1),
(1071108, 297, 4021, 1),
(1071109, 297, 1533, 1),
(1071110, 297, 502, 1),
(1071111, 297, 577, 1),
(1071112, 297, 721, 1),
(1071113, 297, 458, 1),
(1071114, 297, 595, 1),
(1071115, 297, 100, 1),
(1071116, 297, 4022, 1),
(1071117, 297, 931, 1),
(1071118, 297, 1, 1),
(1071119, 297, 1118, 1),
(1071120, 297, 3998, 1),
(1071121, 297, 4023, 1),
(1071122, 297, 6, 1),
(1071123, 297, 88, 1),
(1071124, 297, 514, 1),
(1071125, 297, 4024, 1),
(1071126, 297, 4025, 1),
(1071127, 297, 4026, 1),
(1071128, 297, 4027, 1),
(1071129, 297, 4028, 1),
(1071130, 297, 322, 1),
(1071131, 297, 97, 1),
(1071132, 297, 81, 1),
(1071133, 297, 357, 1),
(1071134, 297, 600, 1),
(1071135, 297, 4029, 1),
(1071136, 297, 350, 1),
(1071137, 297, 347, 1),
(1071138, 297, 528, 1),
(1071139, 297, 970, 1),
(1071140, 297, 4030, 1),
(1071141, 297, 133, 1),
(1071142, 297, 134, 1),
(1071143, 297, 212, 1),
(1071144, 297, 616, 1),
(1071145, 297, 4031, 1),
(1071146, 297, 298, 1),
(1071147, 345, 10, 89),
(1071148, 345, 275, 70),
(1071149, 345, 88, 63),
(1071150, 345, 6, 59),
(1071151, 345, 826, 51),
(1071152, 345, 960, 39),
(1071153, 345, 551, 20),
(1071154, 345, 35, 15),
(1071155, 345, 1, 8),
(1071156, 345, 669, 7),
(1071157, 345, 16, 6),
(1071158, 345, 962, 5),
(1071159, 345, 963, 5),
(1071160, 345, 207, 5),
(1071161, 345, 964, 5),
(1071162, 345, 798, 5),
(1071163, 345, 822, 5),
(1071164, 345, 966, 5),
(1071165, 345, 681, 4),
(1071166, 345, 216, 4),
(1071167, 345, 965, 4),
(1071168, 345, 83, 4),
(1071169, 345, 858, 4),
(1071170, 345, 177, 4),
(1071171, 345, 9, 3),
(1071172, 345, 12, 3),
(1071173, 345, 172, 3),
(1071174, 345, 181, 3),
(1071175, 345, 3, 3),
(1071176, 345, 820, 3),
(1071177, 345, 967, 3),
(1071178, 345, 15, 2),
(1071179, 345, 124, 2),
(1071180, 345, 458, 2),
(1071181, 345, 131, 2),
(1071182, 345, 280, 2),
(1071183, 345, 746, 2),
(1071184, 345, 969, 2),
(1071185, 345, 231, 2),
(1071186, 345, 970, 2),
(1071187, 345, 971, 2),
(1071188, 345, 157, 2),
(1071189, 345, 230, 2),
(1071190, 345, 229, 2),
(1071191, 345, 821, 2),
(1071192, 345, 819, 2),
(1071193, 345, 972, 2),
(1071194, 345, 26, 1),
(1071195, 345, 27, 1),
(1071196, 345, 28, 1),
(1071197, 345, 29, 1),
(1071198, 345, 30, 1),
(1071199, 345, 31, 1),
(1071200, 345, 32, 1),
(1071201, 345, 33, 1),
(1071202, 345, 104, 1),
(1071203, 345, 34, 1),
(1071204, 345, 44, 1),
(1071205, 345, 8, 1),
(1071206, 345, 973, 1),
(1071207, 345, 4041, 1),
(1071208, 345, 974, 1),
(1071209, 345, 590, 1),
(1071210, 345, 975, 1),
(1071211, 345, 976, 1),
(1071212, 345, 977, 1),
(1071213, 345, 968, 1),
(1071214, 345, 978, 1),
(1071215, 345, 979, 1),
(1071216, 345, 417, 1),
(1071217, 345, 167, 1),
(1071218, 345, 980, 1),
(1071219, 345, 634, 1),
(1071220, 345, 981, 1),
(1071221, 345, 42, 1),
(1071222, 345, 827, 1),
(1071223, 345, 625, 1),
(1071224, 345, 982, 1),
(1071225, 345, 983, 1),
(1071226, 345, 984, 1),
(1071227, 345, 985, 1),
(1071228, 345, 20, 1),
(1071229, 345, 986, 1),
(1071230, 345, 214, 1),
(1071231, 345, 137, 1),
(1071232, 345, 276, 1),
(1071233, 345, 274, 1),
(1071234, 345, 184, 1),
(1071235, 345, 272, 1),
(1071236, 345, 273, 1),
(1071237, 345, 194, 1),
(1071238, 345, 271, 1),
(1071239, 345, 270, 1),
(1071240, 345, 36, 1),
(1071241, 345, 269, 1),
(1071242, 345, 268, 1),
(1071243, 345, 267, 1),
(1071244, 345, 266, 1),
(1071245, 345, 265, 1),
(1071246, 345, 264, 1),
(1071247, 345, 262, 1),
(1071248, 345, 263, 1),
(1071249, 345, 261, 1),
(1071250, 345, 260, 1),
(1071251, 345, 84, 1),
(1071252, 345, 368, 1),
(1071253, 345, 4032, 1),
(1071254, 345, 259, 1),
(1071255, 345, 258, 1),
(1071256, 345, 257, 1),
(1071257, 345, 256, 1),
(1071258, 345, 255, 1),
(1071259, 345, 254, 1),
(1071260, 345, 253, 1),
(1071261, 345, 252, 1),
(1071262, 345, 989, 1),
(1071263, 345, 910, 1),
(1071264, 345, 907, 1),
(1071265, 345, 908, 1),
(1071266, 345, 247, 1),
(1071267, 345, 3850, 1),
(1071268, 345, 990, 1),
(1071269, 345, 795, 1),
(1071270, 345, 372, 1),
(1071271, 345, 498, 1),
(1071272, 345, 3848, 1),
(1071273, 345, 4047, 1),
(1071274, 345, 3849, 1),
(1071275, 345, 991, 1),
(1071276, 345, 23, 1),
(1071277, 345, 818, 1),
(1071278, 345, 992, 1),
(1071279, 345, 7, 1),
(1071280, 345, 993, 1),
(1071281, 345, 769, 1),
(1071282, 345, 994, 1),
(1071283, 345, 82, 1),
(1071284, 345, 468, 1),
(1071285, 345, 555, 1),
(1071286, 345, 86, 1),
(1071287, 345, 87, 1),
(1071288, 320, 12, 21),
(1071289, 320, 269, 19),
(1071290, 320, 1, 11),
(1071291, 320, 10, 11),
(1071292, 320, 8, 7),
(1071293, 320, 298, 6),
(1071294, 320, 280, 5),
(1071295, 320, 554, 5),
(1071296, 320, 480, 5),
(1071297, 320, 574, 5),
(1071298, 320, 575, 5),
(1071299, 320, 564, 4),
(1071300, 320, 281, 4),
(1071301, 320, 97, 4),
(1071302, 320, 150, 4),
(1071303, 320, 37, 4),
(1071304, 320, 622, 4),
(1071305, 320, 627, 4),
(1071306, 320, 636, 4),
(1071307, 320, 135, 4),
(1071308, 320, 657, 4),
(1071309, 320, 368, 4),
(1071310, 320, 577, 4),
(1071311, 320, 279, 3),
(1071312, 320, 560, 3),
(1071313, 320, 352, 3),
(1071314, 320, 498, 3),
(1071315, 320, 318, 3),
(1071316, 320, 459, 3),
(1071317, 320, 565, 3),
(1071318, 320, 252, 3),
(1071319, 320, 500, 3),
(1071320, 320, 620, 3),
(1071321, 320, 82, 3),
(1071322, 320, 623, 3),
(1071323, 320, 608, 3),
(1071324, 320, 658, 3),
(1071325, 320, 659, 3),
(1071326, 320, 660, 3),
(1071327, 320, 42, 3),
(1071328, 320, 197, 3),
(1071329, 320, 571, 2),
(1071330, 320, 308, 2),
(1071331, 320, 516, 2),
(1071332, 320, 314, 2),
(1071333, 320, 558, 2),
(1071334, 320, 568, 2),
(1071335, 320, 172, 2),
(1071336, 320, 65, 2),
(1071337, 320, 661, 2),
(1071338, 320, 621, 2),
(1071339, 320, 566, 2),
(1071340, 320, 662, 2),
(1071341, 320, 76, 2),
(1071342, 320, 663, 2),
(1071343, 320, 664, 2),
(1071344, 320, 665, 2),
(1071345, 320, 666, 2),
(1071346, 320, 667, 2),
(1071347, 320, 668, 2),
(1071348, 320, 216, 2),
(1071349, 320, 669, 2),
(1071350, 320, 157, 2),
(1071351, 320, 670, 2),
(1071352, 320, 9, 2),
(1071353, 320, 671, 2),
(1071354, 320, 672, 2),
(1071355, 320, 673, 2),
(1071356, 320, 674, 2),
(1071357, 320, 675, 2),
(1071358, 320, 468, 2),
(1071359, 320, 509, 2),
(1071360, 320, 676, 2),
(1071361, 320, 677, 2),
(1071362, 320, 635, 2),
(1071363, 320, 678, 2),
(1071364, 320, 277, 2),
(1071365, 320, 580, 1),
(1071366, 320, 581, 1),
(1071367, 320, 215, 1),
(1071368, 320, 594, 1),
(1071369, 320, 555, 1),
(1071370, 320, 549, 1),
(1071371, 320, 87, 1),
(1071372, 320, 679, 1),
(1071373, 320, 680, 1),
(1071374, 320, 350, 1),
(1071375, 320, 681, 1),
(1071376, 320, 682, 1),
(1071377, 320, 683, 1),
(1071378, 320, 684, 1),
(1071379, 320, 685, 1),
(1071380, 320, 130, 1),
(1071381, 320, 686, 1),
(1071382, 320, 687, 1),
(1071383, 320, 688, 1),
(1071384, 320, 551, 1),
(1071385, 320, 689, 1),
(1071386, 320, 690, 1),
(1071387, 320, 691, 1),
(1071388, 320, 692, 1),
(1071389, 320, 52, 1),
(1071390, 320, 693, 1),
(1071391, 320, 694, 1),
(1071392, 320, 695, 1),
(1071393, 320, 696, 1),
(1071394, 320, 697, 1),
(1071395, 320, 603, 1),
(1071396, 320, 698, 1),
(1071397, 320, 699, 1),
(1071398, 320, 700, 1),
(1071399, 320, 701, 1),
(1071400, 320, 625, 1),
(1071401, 320, 702, 1),
(1071402, 320, 703, 1),
(1071403, 320, 704, 1),
(1071404, 320, 705, 1),
(1071405, 320, 706, 1),
(1071406, 320, 448, 1),
(1071407, 320, 78, 1),
(1071408, 320, 151, 1),
(1071409, 320, 707, 1),
(1071410, 320, 708, 1),
(1071411, 320, 709, 1),
(1071412, 320, 710, 1),
(1071413, 320, 711, 1),
(1071414, 320, 163, 1),
(1071415, 320, 626, 1),
(1071416, 320, 712, 1),
(1071417, 320, 713, 1),
(1071418, 320, 194, 1),
(1071419, 320, 714, 1),
(1071420, 320, 715, 1),
(1071421, 320, 716, 1),
(1071422, 320, 717, 1),
(1071423, 320, 122, 1),
(1071424, 320, 167, 1),
(1071425, 320, 718, 1),
(1071426, 320, 563, 1),
(1071427, 320, 719, 1),
(1071428, 320, 720, 1),
(1071429, 320, 721, 1),
(1071430, 320, 722, 1),
(1071431, 320, 723, 1),
(1071432, 320, 724, 1),
(1071433, 320, 725, 1),
(1071434, 320, 726, 1),
(1071435, 320, 727, 1),
(1071436, 320, 728, 1),
(1071437, 320, 729, 1),
(1071438, 320, 730, 1),
(1071439, 320, 731, 1),
(1071440, 320, 732, 1),
(1071441, 320, 733, 1),
(1071442, 320, 134, 1),
(1071443, 320, 268, 1),
(1071444, 320, 734, 1),
(1071445, 320, 735, 1),
(1071446, 320, 736, 1),
(1071447, 320, 200, 1),
(1071448, 320, 737, 1),
(1071449, 320, 652, 1),
(1071450, 320, 738, 1),
(1071451, 320, 20, 1),
(1071452, 320, 739, 1),
(1071453, 320, 740, 1),
(1071454, 320, 741, 1),
(1071455, 320, 209, 1),
(1071456, 320, 196, 1),
(1071457, 320, 742, 1),
(1071458, 320, 743, 1),
(1071459, 320, 744, 1),
(1071460, 320, 161, 1),
(1071461, 320, 101, 1),
(1071462, 320, 745, 1),
(1071463, 320, 483, 1),
(1071464, 320, 746, 1),
(1071465, 320, 747, 1),
(1071466, 320, 605, 1),
(1071467, 320, 528, 1),
(1071468, 320, 567, 1),
(1071469, 320, 748, 1),
(1071470, 320, 749, 1),
(1071471, 320, 750, 1),
(1071472, 320, 751, 1),
(1071473, 320, 752, 1),
(1071474, 320, 140, 1),
(1071475, 320, 149, 1),
(1071476, 320, 753, 1),
(1071477, 320, 632, 1),
(1071478, 320, 754, 1),
(1071479, 320, 148, 1),
(1071480, 320, 755, 1),
(1071481, 320, 756, 1),
(1071482, 320, 757, 1),
(1071483, 320, 758, 1),
(1071484, 320, 759, 1),
(1071485, 320, 760, 1),
(1071486, 320, 761, 1),
(1071487, 320, 762, 1),
(1071488, 320, 763, 1),
(1071489, 320, 764, 1),
(1071490, 320, 765, 1),
(1071491, 320, 766, 1),
(1071492, 320, 767, 1),
(1071493, 320, 768, 1),
(1071494, 320, 769, 1),
(1071495, 320, 770, 1),
(1071496, 320, 771, 1),
(1071497, 320, 772, 1),
(1071498, 320, 83, 1),
(1071499, 320, 773, 1),
(1071500, 320, 774, 1),
(1071501, 320, 775, 1),
(1071502, 320, 776, 1),
(1071503, 320, 633, 1),
(1071504, 320, 777, 1),
(1071505, 320, 778, 1),
(1071506, 320, 779, 1),
(1071507, 320, 780, 1),
(1071508, 320, 629, 1),
(1071509, 320, 781, 1),
(1071510, 320, 782, 1),
(1071511, 320, 783, 1),
(1071512, 320, 784, 1),
(1071513, 320, 785, 1),
(1071514, 320, 786, 1),
(1071515, 320, 264, 1),
(1071516, 320, 787, 1),
(1071517, 320, 788, 1),
(1071518, 320, 789, 1),
(1071519, 320, 790, 1),
(1071520, 320, 81, 1),
(1071521, 320, 791, 1),
(1071522, 320, 637, 1),
(1071523, 320, 638, 1),
(1071524, 320, 639, 1),
(1071525, 320, 640, 1),
(1071526, 320, 88, 1),
(1071527, 320, 116, 1),
(1071528, 320, 641, 1),
(1071529, 320, 642, 1),
(1071530, 320, 643, 1),
(1071531, 320, 644, 1),
(1071532, 320, 645, 1),
(1071533, 320, 646, 1),
(1071534, 320, 647, 1),
(1071535, 320, 648, 1),
(1071536, 299, 368, 4),
(1071537, 299, 10, 3),
(1071538, 299, 140, 3),
(1071539, 299, 1, 3),
(1071540, 299, 82, 1),
(1071541, 299, 792, 1),
(1071542, 299, 172, 1),
(1071543, 299, 580, 1),
(1071544, 299, 558, 1),
(1071545, 299, 319, 1),
(1071546, 299, 793, 1),
(1071547, 299, 174, 1),
(1071548, 299, 177, 1),
(1071549, 299, 12, 1),
(1071550, 299, 178, 1),
(1071551, 299, 65, 1),
(1071552, 299, 179, 1),
(1071553, 299, 180, 1),
(1071554, 300, 258, 4),
(1071555, 300, 8, 2),
(1071556, 300, 6, 2),
(1071557, 300, 10, 2),
(1071558, 300, 88, 2),
(1071559, 300, 82, 1),
(1071560, 300, 1, 1),
(1071561, 300, 100, 1),
(1071562, 300, 195, 1),
(1071563, 300, 196, 1),
(1071564, 300, 13, 1),
(1071565, 300, 197, 1),
(1071566, 300, 198, 1),
(1071567, 301, 794, 3),
(1071568, 301, 8, 2),
(1071569, 301, 6, 2),
(1071570, 301, 10, 2),
(1071571, 301, 88, 2),
(1071572, 301, 82, 1),
(1071573, 301, 1, 1),
(1071574, 301, 100, 1),
(1071575, 301, 195, 1),
(1071576, 301, 649, 1),
(1071577, 301, 196, 1),
(1071578, 301, 13, 1),
(1071579, 301, 197, 1),
(1071580, 301, 198, 1),
(1071581, 302, 6, 50),
(1071582, 302, 10, 46),
(1071583, 302, 88, 42),
(1071584, 302, 795, 10),
(1071585, 302, 806, 7),
(1071586, 302, 7, 5),
(1071587, 302, 1339, 4),
(1071588, 302, 1340, 4),
(1071589, 302, 1341, 4),
(1071590, 302, 1342, 4),
(1071591, 302, 1343, 4),
(1071592, 302, 796, 3),
(1071593, 302, 30, 3),
(1071594, 302, 16, 3),
(1071595, 302, 258, 3),
(1071596, 302, 809, 3),
(1071597, 302, 15, 2),
(1071598, 302, 137, 2),
(1071599, 302, 181, 2),
(1071600, 302, 184, 2),
(1071601, 302, 372, 2),
(1071602, 302, 199, 2),
(1071603, 302, 800, 2),
(1071604, 302, 194, 2),
(1071605, 302, 271, 2),
(1071606, 302, 207, 2),
(1071607, 302, 36, 2),
(1071608, 302, 381, 2),
(1071609, 302, 269, 2),
(1071610, 302, 273, 2),
(1071611, 302, 267, 2),
(1071612, 302, 265, 2),
(1071613, 302, 649, 2),
(1071614, 302, 368, 2),
(1071615, 302, 4032, 2),
(1071616, 302, 259, 2),
(1071617, 302, 253, 2),
(1071618, 302, 794, 2),
(1071619, 302, 797, 2),
(1071620, 302, 798, 2),
(1071621, 302, 3, 2),
(1071622, 302, 275, 2),
(1071623, 302, 799, 2),
(1071624, 302, 801, 2),
(1071625, 302, 802, 2),
(1071626, 302, 803, 2),
(1071627, 302, 804, 2),
(1071628, 302, 805, 2),
(1071629, 302, 807, 2),
(1071630, 302, 808, 2),
(1071631, 302, 2, 2),
(1071632, 302, 26, 1),
(1071633, 302, 27, 1),
(1071634, 302, 28, 1),
(1071635, 302, 29, 1),
(1071636, 302, 31, 1),
(1071637, 302, 32, 1),
(1071638, 302, 33, 1),
(1071639, 302, 34, 1),
(1071640, 302, 35, 1),
(1071641, 302, 82, 1),
(1071642, 302, 4, 1),
(1071643, 302, 677, 1),
(1071644, 302, 811, 1),
(1071645, 302, 812, 1),
(1071646, 302, 261, 1),
(1071647, 302, 813, 1),
(1071648, 302, 814, 1),
(1071649, 302, 815, 1),
(1071650, 302, 816, 1),
(1071651, 302, 817, 1),
(1071652, 302, 63, 1),
(1071653, 302, 818, 1),
(1071654, 302, 4042, 1),
(1071655, 302, 4043, 1),
(1071656, 302, 86, 1),
(1071657, 302, 87, 1),
(1071658, 303, 177, 63),
(1071659, 303, 10, 45),
(1071660, 303, 1, 25),
(1071661, 303, 819, 17),
(1071662, 303, 820, 17),
(1071663, 303, 247, 17),
(1071664, 303, 12, 16),
(1071665, 303, 821, 14),
(1071666, 303, 822, 13),
(1071667, 303, 823, 13),
(1071668, 303, 824, 12),
(1071669, 303, 825, 12),
(1071670, 303, 826, 11),
(1071671, 303, 798, 10),
(1071672, 303, 350, 8),
(1071673, 303, 827, 7),
(1071674, 303, 828, 6),
(1071675, 303, 20, 5),
(1071676, 303, 3, 4),
(1071677, 303, 623, 4),
(1071678, 303, 627, 4),
(1071679, 303, 829, 4),
(1071680, 303, 830, 4),
(1071681, 303, 8, 3),
(1071682, 303, 65, 3),
(1071683, 303, 831, 3),
(1071684, 303, 832, 3),
(1071685, 303, 833, 3),
(1071686, 303, 181, 3),
(1071687, 303, 834, 3),
(1071688, 303, 835, 3),
(1071689, 303, 836, 3),
(1071690, 303, 837, 3),
(1071691, 303, 838, 3),
(1071692, 303, 839, 3),
(1071693, 303, 840, 3),
(1071694, 303, 841, 3),
(1071695, 303, 842, 3),
(1071696, 303, 843, 3),
(1071697, 303, 844, 3),
(1071698, 303, 87, 3),
(1071699, 303, 6, 2),
(1071700, 303, 33, 2),
(1071701, 303, 15, 2),
(1071702, 303, 16, 2),
(1071703, 303, 845, 2),
(1071704, 303, 269, 2),
(1071705, 303, 846, 2),
(1071706, 303, 847, 2),
(1071707, 303, 848, 2),
(1071708, 303, 849, 2),
(1071709, 303, 223, 2),
(1071710, 303, 850, 2),
(1071711, 303, 851, 2),
(1071712, 303, 852, 2),
(1071713, 303, 809, 2),
(1071714, 303, 853, 2),
(1071715, 303, 62, 2),
(1071716, 303, 224, 2),
(1071717, 303, 854, 2),
(1071718, 303, 157, 2),
(1071719, 303, 855, 2),
(1071720, 303, 856, 2),
(1071721, 303, 26, 1),
(1071722, 303, 27, 1),
(1071723, 303, 28, 1),
(1071724, 303, 29, 1),
(1071725, 303, 30, 1),
(1071726, 303, 31, 1),
(1071727, 303, 32, 1),
(1071728, 303, 88, 1),
(1071729, 303, 34, 1),
(1071730, 303, 7, 1),
(1071731, 303, 35, 1),
(1071732, 303, 618, 1),
(1071733, 303, 857, 1),
(1071734, 303, 858, 1),
(1071735, 303, 82, 1),
(1071736, 303, 859, 1),
(1071737, 303, 148, 1),
(1071738, 303, 14, 1),
(1071739, 303, 860, 1),
(1071740, 303, 636, 1),
(1071741, 303, 861, 1),
(1071742, 303, 862, 1),
(1071743, 303, 863, 1),
(1071744, 303, 864, 1),
(1071745, 303, 865, 1),
(1071746, 303, 667, 1),
(1071747, 303, 866, 1),
(1071748, 303, 867, 1),
(1071749, 303, 868, 1),
(1071750, 303, 869, 1),
(1071751, 303, 583, 1),
(1071752, 303, 870, 1),
(1071753, 303, 871, 1),
(1071754, 303, 872, 1),
(1071755, 303, 784, 1),
(1071756, 303, 873, 1),
(1071757, 303, 874, 1),
(1071758, 303, 875, 1),
(1071759, 303, 876, 1),
(1071760, 303, 877, 1),
(1071761, 303, 878, 1),
(1071762, 303, 879, 1),
(1071763, 303, 880, 1),
(1071764, 303, 881, 1),
(1071765, 303, 882, 1),
(1071766, 303, 883, 1),
(1071767, 303, 884, 1),
(1071768, 303, 885, 1),
(1071769, 303, 167, 1),
(1071770, 303, 652, 1),
(1071771, 303, 25, 1),
(1071772, 303, 634, 1),
(1071773, 303, 886, 1),
(1071774, 303, 783, 1),
(1071775, 303, 728, 1),
(1071776, 303, 887, 1),
(1071777, 303, 888, 1),
(1071778, 303, 889, 1),
(1071779, 303, 890, 1),
(1071780, 303, 150, 1),
(1071781, 303, 891, 1),
(1071782, 303, 892, 1),
(1071783, 303, 893, 1),
(1071784, 303, 67, 1),
(1071785, 303, 894, 1),
(1071786, 303, 895, 1),
(1071787, 303, 896, 1),
(1071788, 303, 897, 1),
(1071789, 303, 49, 1),
(1071790, 303, 898, 1),
(1071791, 303, 899, 1),
(1071792, 303, 76, 1),
(1071793, 303, 900, 1),
(1071794, 303, 901, 1),
(1071795, 303, 902, 1),
(1071796, 303, 138, 1),
(1071797, 303, 903, 1),
(1071798, 303, 904, 1),
(1071799, 303, 127, 1),
(1071800, 303, 601, 1),
(1071801, 303, 905, 1),
(1071802, 303, 906, 1),
(1071803, 303, 221, 1),
(1071804, 303, 907, 1),
(1071805, 303, 462, 1),
(1071806, 303, 908, 1),
(1071807, 303, 909, 1),
(1071808, 303, 910, 1),
(1071809, 303, 911, 1),
(1071810, 303, 912, 1),
(1071811, 303, 913, 1),
(1071812, 303, 914, 1),
(1071813, 303, 915, 1),
(1071814, 303, 501, 1),
(1071815, 303, 916, 1),
(1071816, 303, 917, 1),
(1071817, 303, 918, 1),
(1071818, 303, 919, 1),
(1071819, 303, 307, 1),
(1071820, 303, 920, 1),
(1071821, 303, 921, 1),
(1071822, 303, 51, 1),
(1071823, 303, 83, 1),
(1071824, 303, 77, 1),
(1071825, 303, 922, 1),
(1071826, 303, 923, 1),
(1071827, 303, 924, 1),
(1071828, 303, 925, 1),
(1071829, 303, 926, 1),
(1071830, 303, 927, 1),
(1071831, 303, 694, 1),
(1071832, 303, 928, 1),
(1071833, 303, 929, 1),
(1071834, 303, 630, 1),
(1071835, 303, 729, 1),
(1071836, 303, 930, 1),
(1071837, 303, 931, 1),
(1071838, 303, 932, 1),
(1071839, 303, 933, 1),
(1071840, 303, 934, 1),
(1071841, 303, 489, 1),
(1071842, 303, 935, 1),
(1071843, 303, 936, 1),
(1071844, 303, 937, 1),
(1071845, 303, 938, 1),
(1071846, 303, 939, 1),
(1071847, 303, 264, 1),
(1071848, 303, 940, 1),
(1071849, 303, 941, 1),
(1071850, 303, 942, 1),
(1071851, 303, 943, 1),
(1071852, 303, 944, 1),
(1071853, 303, 945, 1),
(1071854, 303, 946, 1),
(1071855, 303, 947, 1),
(1071856, 303, 948, 1),
(1071857, 303, 949, 1),
(1071858, 303, 308, 1),
(1071859, 303, 950, 1),
(1071860, 303, 951, 1),
(1071861, 303, 952, 1),
(1071862, 303, 953, 1),
(1071863, 303, 791, 1),
(1071864, 303, 954, 1),
(1071865, 303, 572, 1),
(1071866, 303, 367, 1),
(1071867, 303, 955, 1),
(1071868, 303, 956, 1),
(1071869, 303, 957, 1),
(1071870, 303, 217, 1),
(1071871, 303, 206, 1),
(1071872, 303, 659, 1),
(1071873, 303, 958, 1),
(1071874, 303, 959, 1),
(1071875, 303, 126, 1),
(1071876, 303, 960, 1),
(1071877, 303, 812, 1),
(1071878, 303, 961, 1),
(1071879, 303, 86, 1);

-- --------------------------------------------------------

--
-- Table structure for table `words`
--

CREATE TABLE `words` (
  `id` int NOT NULL,
  `word` varchar(255) NOT NULL
) ENGINE=InnoDB DEFAULT CHARSET=latin1;

--
-- Dumping data for table `words`
--

INSERT INTO `words` (`id`, `word`) VALUES
(1, 'the'),
(2, 'tidy'),
(3, 'guidelines'),
(4, 'repo'),
(5, 'programming'),
(6, 'https'),
(7, 'codeadam'),
(8, 'for'),
(9, 'all'),
(10, 'brickmmo'),
(11, 'conventions'),
(12, 'and'),
(13, 'github'),
(14, 'team'),
(15, 'url'),
(16, 'readme'),
(17, 'follow'),
(18, 'database'),
(19, 'laravel'),
(20, 'use'),
(21, 'process'),
(22, 'repos'),
(23, 'following'),
(24, 'code'),
(25, 'execute'),
(26, 'context'),
(27, 'schema'),
(28, 'org'),
(29, 'type'),
(30, 'website'),
(31, 'description'),
(32, 'headline'),
(33, 'name'),
(34, 'import'),
(35, 'css'),
(36, 'list'),
(37, 'related'),
(38, 'development'),
(39, 'naming'),
(40, 'eloquent'),
(41, 'along'),
(42, 'with'),
(43, 'eplus'),
(44, 'recommended'),
(45, 'migration'),
(46, 'creation'),
(47, 'upkeep'),
(48, 'databases'),
(49, 'should'),
(50, 'created'),
(51, 'within'),
(52, 'organization'),
(53, 'develop'),
(54, 'fork'),
(55, 'desired'),
(56, 'make'),
(57, 'changes'),
(58, 'forked'),
(59, 'submit'),
(60, 'pull'),
(61, 'request'),
(62, 'original'),
(63, 'coding'),
(64, 'parentheses'),
(65, 'are'),
(66, 'placed'),
(67, 'their'),
(68, 'own'),
(69, 'lines'),
(70, 'value'),
(71, 'true'),
(72, 'brackets'),
(73, 'statement'),
(74, 'loop'),
(75, 'etc'),
(76, 'have'),
(77, 'space'),
(78, 'between'),
(79, 'constructor'),
(80, 'condition'),
(81, 'let'),
(82, 'this'),
(83, 'available'),
(84, 'view'),
(85, 'resources'),
(86, 'anchors'),
(87, 'add'),
(88, 'com'),
(89, 'www'),
(90, 'gtag'),
(91, 'datalayer'),
(92, 'codeadamca'),
(93, 'window'),
(94, 'adam'),
(95, 'thomas'),
(96, 'adambenjaminthomas'),
(97, 'function'),
(98, 'push'),
(99, 'arguments'),
(100, 'new'),
(101, 'date'),
(102, 'config'),
(103, '1yphpgsbmg'),
(104, 'http'),
(105, 'professor'),
(106, 'address'),
(107, 'sameas'),
(108, 'facebook'),
(109, 'twitter'),
(110, 'linkedin'),
(111, 'instagram'),
(112, 'youtube'),
(113, 'channel'),
(114, 'ucvn'),
(115, 'c8mnpjythwwkdi5qmva'),
(116, 'humber'),
(117, 'academia'),
(118, 'edu'),
(119, 'adamthomas'),
(120, 'react'),
(121, 'appyou'),
(122, 'need'),
(123, 'enable'),
(124, 'javascript'),
(125, 'run'),
(126, 'app'),
(127, 'smart'),
(128, 'city'),
(129, 'education'),
(130, 'platform'),
(131, 'html'),
(132, 'scroll'),
(133, 'behavior'),
(134, 'smooth'),
(135, 'you'),
(136, 'var'),
(137, 'bricksum'),
(138, 'text'),
(139, 'words'),
(140, 'lego'),
(141, 'tool'),
(142, 'number'),
(143, 'generate'),
(144, 'sentences'),
(145, 'paragraphs'),
(146, 'copy'),
(147, 'unique'),
(148, 'designed'),
(149, 'enthusiasts'),
(150, 'content'),
(151, 'creators'),
(152, 'developers'),
(153, 'allows'),
(154, 'create'),
(155, 'different'),
(156, 'texts'),
(157, 'from'),
(158, 'chosen'),
(159, 'option'),
(160, 'given'),
(161, 'size'),
(162, 'input'),
(163, 'features'),
(164, 'custom'),
(165, 'lorem'),
(166, 'ipsum'),
(167, 'using'),
(168, 'thememed'),
(169, 'specify'),
(170, 'easily'),
(171, 'generated'),
(172, 'your'),
(173, 'clipboard'),
(174, '2024'),
(175, 'rights'),
(176, 'reserved'),
(177, 'logo'),
(178, 'minifigure'),
(179, 'trademarks'),
(180, 'group'),
(181, 'colours'),
(182, 'stacked'),
(183, 'baseplates'),
(184, 'conversions'),
(185, 'studs'),
(186, 'millimeter'),
(187, 'centimeter'),
(188, 'meter'),
(189, 'inches'),
(190, 'feet'),
(191, 'bricks'),
(192, 'plates'),
(193, 'blocks'),
(194, 'events'),
(195, 'location'),
(196, 'see'),
(197, 'more'),
(198, 'information'),
(199, 'display'),
(200, 'through'),
(201, 'data'),
(202, 'visualizations'),
(203, '3px'),
(204, 'border'),
(205, 'radius'),
(206, 'font'),
(207, 'glyphs'),
(208, '10px'),
(209, 'preview'),
(210, 'width'),
(211, 'inline'),
(212, 'block'),
(213, 'color'),
(214, 'overflow'),
(215, 'icon'),
(216, 'library'),
(217, 'family'),
(218, 'margin'),
(219, 'padding'),
(220, 'align'),
(221, 'center'),
(222, 'inner'),
(223, '100'),
(224, 'background'),
(225, 'webkit'),
(226, 'moz'),
(227, 'box'),
(228, '666'),
(229, 'kit'),
(230, 'brick'),
(231, 'body'),
(232, 'sans'),
(233, 'serif'),
(234, '20px'),
(235, '100px'),
(236, 'f5f5f5'),
(237, 'line'),
(238, 'height'),
(239, '85px'),
(240, '40px'),
(241, '333'),
(242, 'label'),
(243, 'sizing'),
(244, '5px'),
(245, 'monaco'),
(246, 'monospace'),
(247, 'white'),
(248, 'nowrap'),
(249, 'hidden'),
(250, 'ellipsis'),
(251, 'ddd'),
(252, 'video'),
(253, 'uptime'),
(254, 'train'),
(255, 'tracks'),
(256, 'timesheets'),
(257, 'timeline'),
(258, 'stores'),
(259, 'stats'),
(260, 'road'),
(261, 'radio'),
(262, 'power'),
(263, 'grid'),
(264, 'place'),
(265, 'pixelate'),
(266, 'pick'),
(267, 'parts'),
(268, 'navigation'),
(269, 'media'),
(270, 'gps'),
(271, 'flow'),
(272, 'control'),
(273, 'panel'),
(274, 'clock'),
(275, 'cdn'),
(276, 'brix'),
(277, 'building'),
(278, 'style'),
(279, 'const'),
(280, 'document'),
(281, 'addeventlistener'),
(282, 'main'),
(283, 'square'),
(284, 'length'),
(285, 'squares'),
(286, 'searchresults'),
(287, 'profile'),
(288, 'div'),
(289, 'getelementbyid'),
(290, 'scale'),
(291, 'math'),
(292, 'queryselectorall'),
(293, 'stopresults'),
(294, 'rotatex'),
(295, 'rotatey'),
(296, 'profileview'),
(297, 'none'),
(298, 'click'),
(299, 'touches'),
(300, 'dragging'),
(301, 'isdragging'),
(302, 'result'),
(303, 'selected'),
(304, 'lastx'),
(305, 'lasty'),
(306, 'clienty'),
(307, 'items'),
(308, 'remove'),
(309, 'offsetx'),
(310, 'offsety'),
(311, 'false'),
(312, 'clientx'),
(313, 'else'),
(314, 'target'),
(315, 'stopdiv'),
(316, 'left'),
(317, 'prevselected'),
(318, 'classlist'),
(319, 'results'),
(320, 'top'),
(321, 'json'),
(322, 'error'),
(323, 'gridheight'),
(324, 'centergridinmain'),
(325, 'max'),
(326, 'min'),
(327, 'innerhtml'),
(328, 'map'),
(329, 'then'),
(330, 'isrotating3d'),
(331, 'highlight'),
(332, 'getattribute'),
(333, 'prevsquares'),
(334, 'mainrect'),
(335, 'deg'),
(336, 'stopdivs'),
(337, 'response'),
(338, 'typeclass'),
(339, 'clearbuildinghighlights'),
(340, 'set'),
(341, 'null'),
(342, 'buildings'),
(343, 'searchinput'),
(344, 'position'),
(345, 'transform'),
(346, 'cityid'),
(347, 'load'),
(348, 'api'),
(349, 'fetch'),
(350, 'not'),
(351, 'buildingid'),
(352, 'queryselector'),
(353, 'previd'),
(354, 'showbuildingprofile'),
(355, 'getboundingclientrect'),
(356, 'gridwidth'),
(357, 'preventdefault'),
(358, 'pinchstartdist'),
(359, 'res'),
(360, 'updateroute'),
(361, 'afterelement'),
(362, '100vh'),
(363, 'touch'),
(364, 'absolute'),
(365, '400px'),
(366, 'city_id'),
(367, 'colour'),
(368, 'search'),
(369, 'solid'),
(370, 'yellow'),
(371, 'catch'),
(372, 'console'),
(373, 'loading'),
(374, 'drag'),
(375, 'zoomintensity'),
(376, 'searchtimeout'),
(377, 'query'),
(378, 'removebuttons'),
(379, 'removeeventlistener'),
(380, 'rect'),
(381, 'maps'),
(382, '100vw'),
(383, 'action'),
(384, 'shadow'),
(385, 'template'),
(386, 'repeat'),
(387, 'track'),
(388, 'water'),
(389, 'important'),
(390, 'cursor'),
(391, 'pointer'),
(392, 'return'),
(393, 'griddiv'),
(394, 'foreach'),
(395, 'istrack'),
(396, 'isroad'),
(397, 'dataset'),
(398, 'appendchild'),
(399, 'matching'),
(400, 'initial'),
(401, 'rotation'),
(402, 'button'),
(403, 'ctrlkey'),
(404, 'right'),
(405, 'back'),
(406, 'mouseleave'),
(407, 'only'),
(408, 'gettouchdist'),
(409, 'pinchstartscale'),
(410, 'newdist'),
(411, 'newscale'),
(412, 'wheel'),
(413, 'minscale'),
(414, 'clientheight'),
(415, 'maxscale'),
(416, 'recenter'),
(417, 'when'),
(418, 'resized'),
(419, 'resize'),
(420, 'attachresultevents'),
(421, 'selection'),
(422, 'array'),
(423, 'backbtn'),
(424, 'addbtn'),
(425, 'stop'),
(426, 'attachremoveevents'),
(427, 'log'),
(428, 'drop'),
(429, 'reorderbtn'),
(430, 'dragstart'),
(431, 'dragend'),
(432, 'dragover'),
(433, 'onstopdrag'),
(434, 'container'),
(435, 'relative'),
(436, 'sidebar'),
(437, '222'),
(438, 'fff'),
(439, 'index'),
(440, '2px'),
(441, '8px'),
(442, 'rgba'),
(443, 'calc'),
(444, 'perspective'),
(445, '1200px'),
(446, 'columns'),
(447, 'rows'),
(448, 'gap'),
(449, '1px'),
(450, 'origin'),
(451, 'transition'),
(452, 'ground'),
(453, '996633'),
(454, '888'),
(455, '777'),
(456, '3498db'),
(457, 'blue'),
(458, 'link'),
(459, 'active'),
(460, 'visited'),
(461, 'hover'),
(462, 'ff5b00'),
(463, 'decoration'),
(464, 'rebrickablecdn'),
(465, 'rebrickable'),
(466, 'sets'),
(467, 'local'),
(468, 'file'),
(469, 'endpoint'),
(470, 'convert'),
(471, 'object'),
(472, 'throw'),
(473, 'network'),
(474, 'was'),
(475, 'roads'),
(476, 'createelement'),
(477, 'backgroundcolor'),
(478, 'classname'),
(479, 'title'),
(480, 'event'),
(481, 'visible'),
(482, 'string'),
(483, 'get'),
(484, 'sizes'),
(485, 'gaps'),
(486, 'offset'),
(487, 'logic'),
(488, 'mousedown'),
(489, 'rotate'),
(490, 'ctrl'),
(491, 'mousemove'),
(492, 'clamp'),
(493, 'can'),
(494, 'flipped'),
(495, 'past'),
(496, 'mouseup'),
(497, 'prevent'),
(498, 'menu'),
(499, 'contextmenu'),
(500, 'support'),
(501, 'mobile'),
(502, 'optional'),
(503, 'here'),
(504, 'lasttouchdist'),
(505, 'touchstart'),
(506, 'touchmove'),
(507, 'touchend'),
(508, 'zoom'),
(509, 'out'),
(510, 'deltay'),
(511, 'clampoffsets'),
(512, 'passive'),
(513, 'serch'),
(514, 'form'),
(515, 'mouseenter'),
(516, 'contains'),
(517, 'previous'),
(518, 'current'),
(519, 'cleartimeout'),
(520, 'trim'),
(521, 'settimeout'),
(522, 'encodeuricomponent'),
(523, 'isarray'),
(524, 'found'),
(525, '400'),
(526, 'functions'),
(527, 'gridcheck'),
(528, 'check'),
(529, 'gridrect'),
(530, 'call'),
(531, 'after'),
(532, 'centermapbtn'),
(533, 'building_id'),
(534, 'plus'),
(535, 'stops'),
(536, 'backtoresults'),
(537, 'addtostops'),
(538, 'removestop'),
(539, 'removce'),
(540, 'parentelement'),
(541, 'reorder'),
(542, 'reorderstop'),
(543, 'draggable'),
(544, 'datatransfer'),
(545, 'effectallowed'),
(546, 'move'),
(547, 'break'),
(548, 'insertbefore'),
(549, 'stoppropagation'),
(550, 'change'),
(551, 'images'),
(552, 'categoryoptions'),
(553, 'jpg'),
(554, 'sidemenu'),
(555, 'close'),
(556, 'clicking'),
(557, 'categorydropdown'),
(558, 'home'),
(559, 'changebackgroundimage'),
(560, 'menuicon'),
(561, 'selectedcategory'),
(562, 'dropdown'),
(563, 'category'),
(564, 'about'),
(565, 'gallery'),
(566, 'videos'),
(567, 'explore'),
(568, 'image'),
(569, 'randomindex'),
(570, 'toggle'),
(571, 'closemenu'),
(572, 'outside'),
(573, 'dropdownarrow'),
(574, 'audio'),
(575, 'hub'),
(576, 'audios'),
(577, 'download'),
(578, 'inspire'),
(579, 'connect'),
(580, 'page'),
(581, 'domcontentloaded'),
(582, 'hallway'),
(583, 'foundation'),
(584, 'pixy'),
(585, 'trees'),
(586, 'jpeg'),
(587, 'floor'),
(588, 'random'),
(589, 'hero'),
(590, 'section'),
(591, 'backgroundimage'),
(592, 'setinterval'),
(593, '5000'),
(594, 'side'),
(595, 'open'),
(596, 'prevents'),
(597, 'bubbling'),
(598, 'handle'),
(599, 'item'),
(600, 'textcontent'),
(601, 'cities'),
(602, 'one'),
(603, 'innovation'),
(604, 'time'),
(605, 'discover'),
(606, 'perfect'),
(607, 'filter'),
(608, 'find'),
(609, 'ease'),
(610, 'choose'),
(611, 'harry'),
(612, 'potter'),
(613, 'starwars'),
(614, 'minecraft'),
(615, 'marvel'),
(616, 'start'),
(617, 'searching'),
(618, 'welcome'),
(619, 'accessing'),
(620, 'high'),
(621, 'quality'),
(622, 'project'),
(623, 'our'),
(624, 'mission'),
(625, 'provide'),
(626, 'extensive'),
(627, 'that'),
(628, 'showcase'),
(629, 'creativity'),
(630, 'impact'),
(631, 'participants'),
(632, 'organizations'),
(633, 'share'),
(634, 'these'),
(635, 'moments'),
(636, 'community'),
(637, 'like'),
(638, 'know'),
(639, 'thomasadam83'),
(640, 'hotmail'),
(641, 'college'),
(642, 'north'),
(643, 'campus'),
(644, 'toronto'),
(645, 'm8v'),
(646, '1k8'),
(647, 'contact'),
(648, '2025'),
(649, 'placekit'),
(650, 'dynamically'),
(651, 'dimensions'),
(652, 'how'),
(653, 'qrcode'),
(654, 'redirect'),
(655, 'errormessage'),
(656, 'codes'),
(657, 'easy'),
(658, 'browse'),
(659, 'google'),
(660, 'drive'),
(661, 'sharing'),
(662, 'whether'),
(663, 'access'),
(664, 'collection'),
(665, 'seamless'),
(666, 'making'),
(667, 'simply'),
(668, 'inspiration'),
(669, 'files'),
(670, 'filters'),
(671, 'instantly'),
(672, 'required'),
(673, 'scrolling'),
(674, 'enjoy'),
(675, 'user'),
(676, 'together'),
(677, 'digital'),
(678, 'free'),
(679, 'browser'),
(680, 'does'),
(681, 'tag'),
(682, 'who'),
(683, 'ultimate'),
(684, 'destination'),
(685, 'discovering'),
(686, 'serves'),
(687, 'central'),
(688, 'repository'),
(689, 'capture'),
(690, 'essence'),
(691, 'creative'),
(692, 'participant'),
(693, 'enthusiast'),
(694, 'ensures'),
(695, 'rich'),
(696, 'visual'),
(697, 'highlights'),
(698, 'collaboration'),
(699, 'fun'),
(700, 'behind'),
(701, 'goal'),
(702, 'efficient'),
(703, 'way'),
(704, 'store'),
(705, 'aim'),
(706, 'bridge'),
(707, 'easier'),
(708, 'utilize'),
(709, 'presentations'),
(710, 'promotions'),
(711, 'key'),
(712, 'vast'),
(713, 'photos'),
(714, 'creations'),
(715, 'collaborations'),
(716, 'exactly'),
(717, 'what'),
(718, 'keyword'),
(719, 'sorting'),
(720, 'options'),
(721, 'direct'),
(722, 'integration'),
(723, 'securely'),
(724, 'stored'),
(725, 'ensuring'),
(726, 'availability'),
(727, 'accessibility'),
(728, 'quick'),
(729, 'downloads'),
(730, 'single'),
(731, 'login'),
(732, 'registration'),
(733, 'endless'),
(734, 'friendly'),
(735, 'interface'),
(736, 'browsing'),
(737, 'infinite'),
(738, 'works'),
(739, 'keywords'),
(740, 'tags'),
(741, 'categories'),
(742, 'full'),
(743, 'details'),
(744, 'including'),
(745, 'source'),
(746, 'directly'),
(747, 'simple'),
(748, 'similar'),
(749, 'why'),
(750, 'dynamic'),
(751, 'innovative'),
(752, 'brings'),
(753, 'builders'),
(754, 'worldwide'),
(755, 'promote'),
(756, 'archive'),
(757, 'incredible'),
(758, 'work'),
(759, 'offering'),
(760, 'official'),
(761, 'submitted'),
(762, 'account'),
(763, 'without'),
(764, 'hassle'),
(765, 'signing'),
(766, 'regular'),
(767, 'updates'),
(768, 'fresh'),
(769, 'added'),
(770, 'continuously'),
(771, 'ensure'),
(772, 'latest'),
(773, 'completely'),
(774, 'accessible'),
(775, 'cost'),
(776, 'everyone'),
(777, 'join'),
(778, 'than'),
(779, 'just'),
(780, 'celebration'),
(781, 'teamwork'),
(782, 'looking'),
(783, 'materials'),
(784, 'want'),
(785, 'relive'),
(786, 'memorable'),
(787, 'questions'),
(788, 'feel'),
(789, 'reach'),
(790, 'requests'),
(791, 'keep'),
(792, 'will'),
(793, 'dump'),
(794, 'videokit'),
(795, 'assets'),
(796, 'directory'),
(797, 'websites'),
(798, 'branding'),
(799, 'contributions'),
(800, 'demo'),
(801, 'ldr'),
(802, 'scils'),
(803, 'tasks'),
(804, 'lively'),
(805, 'hubbub'),
(806, 'loot'),
(807, 'polybrick'),
(808, 'pseudocode'),
(809, 'applications'),
(810, 'email'),
(811, 'markdown'),
(812, 'world'),
(813, 'learning'),
(814, 'commons'),
(815, 'watts'),
(816, 'wrong'),
(817, 'wattswrong'),
(818, '_readme'),
(819, 'coloured'),
(820, 'black'),
(821, 'horizontal'),
(822, 'symbol'),
(823, 'wordmark'),
(824, 'svg'),
(825, 'eps'),
(826, 'png'),
(827, 'brand'),
(828, 'monotone'),
(829, 'sub'),
(830, 'standard'),
(831, 'logos'),
(832, 'primary'),
(833, 'any'),
(834, 'cmyk'),
(835, 'rgb'),
(836, 'hex'),
(837, '132'),
(838, 'format'),
(839, 'vertical'),
(840, 'orientation'),
(841, 'design'),
(842, 'bbrickmmo'),
(843, 'avoid'),
(844, 'elements'),
(845, 'help'),
(846, 'themes'),
(847, 'approved'),
(848, 'unapproved'),
(849, 'brands'),
(850, '255'),
(851, 'oriented'),
(852, 'spaces'),
(853, 'where'),
(854, 'don'),
(855, 'typography'),
(856, 'graphic'),
(857, 'standards'),
(858, 'documentation'),
(859, 'guide'),
(860, 'partners'),
(861, 'understand'),
(862, 'apply'),
(863, 'consistently'),
(864, 'across'),
(865, 'various'),
(866, 'tagline'),
(867, 'whole'),
(868, 'identity'),
(869, 'built'),
(870, 'values'),
(871, 'goals'),
(872, 'represent'),
(873, 'communicate'),
(874, 'audiences'),
(875, 'consistent'),
(876, 'engaging'),
(877, 'voice'),
(878, 'look'),
(879, 'please'),
(880, 'refer'),
(881, 'publications'),
(882, 'below'),
(883, 'which'),
(884, 'review'),
(885, 'advertising'),
(886, 'marketing'),
(887, 'reference'),
(888, 'guides'),
(889, 'short'),
(890, 'specific'),
(891, 'sheets'),
(892, 'staff'),
(893, 'faculty'),
(894, 'vendors'),
(895, 'correctly'),
(896, 'most'),
(897, 'circumstances'),
(898, 'used'),
(899, 'departments'),
(900, 'names'),
(901, 'put'),
(902, 'under'),
(903, 'must'),
(904, 'centered'),
(905, 'biologics'),
(906, 'manufacturing'),
(907, 'orange'),
(908, 'red'),
(909, 'ff0000'),
(910, 'grey'),
(911, '848484'),
(912, 'opt'),
(913, 'narrow'),
(914, 'portrait'),
(915, 'especially'),
(916, 'devices'),
(917, 'social'),
(918, 'profiles'),
(919, 'merchandise'),
(920, 'fits'),
(921, 'better'),
(922, 'wide'),
(923, 'landscape'),
(924, 'wider'),
(925, 'layout'),
(926, 'complements'),
(927, 'aesthetic'),
(928, 'maximum'),
(929, 'visibility'),
(930, 'improper'),
(931, 'uses'),
(932, 'distortion'),
(933, 'stretch'),
(934, 'skew'),
(935, 'always'),
(936, 'maintain'),
(937, 'its'),
(938, 'proportions'),
(939, 'clutter'),
(940, 'cluttered'),
(941, 'busy'),
(942, 'patterned'),
(943, 'makes'),
(944, 'hard'),
(945, 'read'),
(946, 'recognize'),
(947, 'modify'),
(948, 'element'),
(949, 'alter'),
(950, 'such'),
(951, 'symbols'),
(952, 'shapes'),
(953, 'altering'),
(954, 'shape'),
(955, 'palette'),
(956, 'other'),
(957, 'lato'),
(958, 'fonts'),
(959, 'links'),
(960, 'icons'),
(961, 'stacks'),
(962, 'include'),
(963, 'script'),
(964, 'versions'),
(965, 'exceptions'),
(966, 'navbar'),
(967, 'bar'),
(968, 'placing'),
(969, 'before'),
(970, 'src'),
(971, 'bootstrap'),
(972, 'header'),
(973, 'shared'),
(974, 'head'),
(975, 'rel'),
(976, 'stylesheet'),
(977, 'href'),
(978, 'closing'),
(979, 'quickstart'),
(980, 'tempates'),
(981, 'overwrite'),
(982, 'some'),
(983, 'additional'),
(984, 'classes'),
(985, 'fontawesome'),
(986, 'application'),
(987, 'roadview'),
(988, 'timeshets'),
(989, 'common'),
(990, 'apps'),
(991, 'included'),
(992, 'readm'),
(993, 'asset'),
(994, 'asssets'),
(995, 'workshops'),
(996, 'web'),
(997, 'http5114'),
(998, 'history'),
(999, 'winter'),
(1000, 'fall'),
(1001, '2023'),
(1002, 'every'),
(1003, 'contributor'),
(1004, 'capstone'),
(1005, 'http5310'),
(1006, 'summer'),
(1007, 'step'),
(1008, '4vw'),
(1009, 'img'),
(1010, 'fixed'),
(1011, 'bottom'),
(1012, '15px'),
(1013, 'demos'),
(1014, 'lora'),
(1015, 'flex'),
(1016, 'justify'),
(1017, '25vmin'),
(1018, 'assignment'),
(1019, 'refresh'),
(1020, '30px'),
(1021, '24px'),
(1022, '10000'),
(1023, 'arial'),
(1024, 'helvetica'),
(1025, 'middle'),
(1026, 'straight'),
(1027, 'cube'),
(1028, 'puzzle'),
(1029, 'mpd'),
(1030, 'packed'),
(1031, 'recommend'),
(1032, 'viewer'),
(1033, 'fondation'),
(1034, 'mils'),
(1035, 'integrated'),
(1036, 'landscaping'),
(1037, 'system'),
(1038, 'instructions'),
(1039, 'requires'),
(1040, 'layouts'),
(1041, 'based'),
(1042, 'existing'),
(1043, 'compatible'),
(1044, 'examples'),
(1045, 'crossings'),
(1046, 'completed'),
(1047, 'stand'),
(1048, 'meeting'),
(1049, 'task'),
(1050, 'order'),
(1051, 'introductory'),
(1052, 'students'),
(1053, 'contributing'),
(1054, 'academic'),
(1055, 'integrity'),
(1056, 'accounts'),
(1057, 'individuals'),
(1058, 'portfolio'),
(1059, 'groups'),
(1060, 'deployment'),
(1061, 'stack'),
(1062, 'scratch'),
(1063, 'exercises'),
(1064, 'presence'),
(1065, 'two'),
(1066, 'pitch'),
(1067, 'mockups'),
(1068, 'docker'),
(1069, 'firebase'),
(1070, 'presentation'),
(1071, 'final'),
(1072, 'vibe'),
(1073, 'collaborative'),
(1074, 'projects'),
(1075, 'activities'),
(1076, 'build'),
(1077, 'challenge'),
(1078, 'there'),
(1079, 'provided'),
(1080, 'cti306'),
(1081, 'each'),
(1082, 'overall'),
(1083, 'puzzles'),
(1084, 'note'),
(1085, 'polytechnic'),
(1086, 'room'),
(1087, 'copies'),
(1088, 'seven'),
(1089, 'instruct'),
(1090, 'part'),
(1091, 'may'),
(1092, 'hint'),
(1093, 'solution'),
(1094, 'webpage'),
(1095, 'challenged'),
(1096, 'construct'),
(1097, 'assume'),
(1098, 'running'),
(1099, 'creating'),
(1100, 'plastic'),
(1101, 'drawers'),
(1102, 'sort'),
(1103, 'six'),
(1104, 'three'),
(1105, 'class'),
(1106, 'patterns'),
(1107, 'disassemble'),
(1108, 'into'),
(1109, 'give'),
(1110, 'struggling'),
(1111, 'encourgae'),
(1112, 'them'),
(1113, 'calculate'),
(1114, 'rubiks'),
(1115, 'continue'),
(1116, 'struggle'),
(1117, 'inform'),
(1118, 'exact'),
(1119, 'cubes'),
(1120, 'pdf'),
(1121, 'purchase'),
(1122, 'multiple'),
(1123, 'version'),
(1124, 'during'),
(1125, 'online'),
(1126, 'slightly'),
(1127, 'interation'),
(1128, 'future'),
(1129, 'contributors'),
(1130, 'experience'),
(1131, 'next'),
(1132, 'generation'),
(1133, 'cryptocurrency'),
(1134, 'secure'),
(1135, 'decencentralized'),
(1136, 'started'),
(1137, 'learn'),
(1138, 'journey'),
(1139, 'fund'),
(1140, 'nodes'),
(1141, 'paper'),
(1142, 'faqs'),
(1143, 'legal'),
(1144, 'privacy'),
(1145, 'pro'),
(1146, 'harpoon'),
(1147, 'helmet'),
(1148, 'dish'),
(1149, 'screwdriver'),
(1150, 'torso'),
(1151, 'hose'),
(1152, 'flag'),
(1153, 'esse'),
(1154, 'cylinder'),
(1155, 'vehicle'),
(1156, 'rem'),
(1157, 'sit'),
(1158, 'bracket'),
(1159, 'treasure'),
(1160, 'chest'),
(1161, 'qui'),
(1162, 'whip'),
(1163, 'irure'),
(1164, 'cone'),
(1165, 'hat'),
(1166, 'knob'),
(1167, 'wrench'),
(1168, 'status'),
(1169, 'corporation'),
(1170, 'elecectricity'),
(1171, 'glasses'),
(1172, 'terms'),
(1173, 'conditions'),
(1174, 'policy'),
(1175, 'copyright'),
(1176, 'watt'),
(1177, 'example'),
(1178, 'grimmauld'),
(1179, 'formatting'),
(1180, 'case'),
(1181, 'repositories'),
(1182, 'pixels'),
(1183, 'screenshot'),
(1184, 'small'),
(1185, 'product'),
(1186, '7640'),
(1187, 'lowercase'),
(1188, 'kebab'),
(1189, 'convention'),
(1190, 'php'),
(1191, 'sentence'),
(1192, 'define'),
(1193, 'api_key'),
(1194, 'api_secret'),
(1195, 'db_host'),
(1196, 'db_database'),
(1197, 'db_username'),
(1198, 'db_password'),
(1199, 'terminal'),
(1200, '624'),
(1201, 'screenshots'),
(1202, 'citations'),
(1203, 'retrieved'),
(1204, 'august'),
(1205, 'rules'),
(1206, 'styles'),
(1207, 'forms'),
(1208, 'personal'),
(1209, 'descriptions'),
(1210, 'pages'),
(1211, 'period'),
(1212, 'assigned'),
(1213, 'relevant'),
(1214, 'topics'),
(1215, 'settings'),
(1216, 'prefix'),
(1217, 'core'),
(1218, 'would'),
(1219, 'cause'),
(1220, 'conflicts'),
(1221, 'pulling'),
(1222, 'gitignore'),
(1223, 'least'),
(1224, 'ignore'),
(1225, 'ds_store'),
(1226, 'level'),
(1227, 'headings'),
(1228, 'contents'),
(1229, 'technology'),
(1230, 'end'),
(1231, 'tic'),
(1232, 'tics'),
(1233, 'language'),
(1234, 'titles'),
(1235, 'appropriate'),
(1236, 'usernames'),
(1237, 'passwords'),
(1238, 'samples'),
(1239, 'sensitive'),
(1240, 'adding'),
(1241, 'inside'),
(1242, 'folder'),
(1243, 'named'),
(1244, 'nom'),
(1245, 'prefixed'),
(1246, 'apa'),
(1247, 'wrapped'),
(1248, 'once'),
(1249, 'rendered'),
(1250, 'appear'),
(1251, 'also'),
(1252, 'basic'),
(1253, 'default'),
(1254, 'conversion'),
(1255, 'embed'),
(1256, 'currently'),
(1257, 'adds'),
(1258, 'tables'),
(1259, 'table'),
(1260, 'aligned'),
(1261, 'raw'),
(1262, 'users'),
(1263, 'csc'),
(1264, 'calpoly'),
(1265, 'jdalbey'),
(1266, 'swe'),
(1267, 'pdl_std'),
(1268, 'gist'),
(1269, 'camilstaps'),
(1270, '59c4574ab8131fb83612a446606cbcba'),
(1271, 'fields'),
(1272, 'field'),
(1273, 'enums'),
(1274, 'dates'),
(1275, 'timestamps'),
(1276, 'soft'),
(1277, 'boolean'),
(1278, 'possible'),
(1279, 'addition'),
(1280, 'model'),
(1281, 'organized'),
(1282, 'char'),
(1283, 'varchar'),
(1284, 'blob'),
(1285, 'binary'),
(1286, 'varbinary'),
(1287, 'integer'),
(1288, 'smallint'),
(1289, 'tinyint'),
(1290, 'mediumint'),
(1291, 'bigint'),
(1292, 'decimal'),
(1293, 'numeric'),
(1294, 'float'),
(1295, 'double'),
(1296, 'foreign'),
(1297, 'keys'),
(1298, 'deletes'),
(1299, '_at'),
(1300, 'published_at'),
(1301, 'fieldnames'),
(1302, 'created_at'),
(1303, 'updated_at'),
(1304, 'delete'),
(1305, 'deleted_at'),
(1306, 'enum'),
(1307, 'listed'),
(1308, 'alphabetical'),
(1309, 'is_'),
(1310, 'is_active'),
(1311, 'is_approved'),
(1312, 'made'),
(1313, 'downlod'),
(1314, 'tile'),
(1315, '2x4'),
(1316, 'printed'),
(1317, 'designs'),
(1318, 'replaced'),
(1319, 'dark'),
(1320, 'bluish'),
(1321, 'stripe'),
(1322, 'converting'),
(1323, 'bricklink'),
(1324, 'studio'),
(1325, 'challenges'),
(1326, 'activity'),
(1327, 'duck'),
(1328, 'minifig'),
(1329, 'yourself'),
(1330, 'blind'),
(1331, 'prototyping'),
(1332, 'tallest'),
(1333, 'tower'),
(1334, 'progress'),
(1335, 'art'),
(1336, 'piece'),
(1337, 'tiered'),
(1338, 'pole'),
(1339, 'alpha'),
(1340, 'faker'),
(1341, 'bravo'),
(1342, 'charlie'),
(1343, 'delta'),
(1344, 'servers'),
(1345, 'site'),
(1346, 'password'),
(1347, 'management'),
(1348, 'forgot'),
(1349, 'register'),
(1350, 'series'),
(1351, 'town'),
(1352, 'lab'),
(1353, 'super'),
(1354, 'adventurers'),
(1355, 'snake'),
(1356, 'castle'),
(1357, 'plan'),
(1358, 'bluey'),
(1359, 'packs'),
(1360, 'avengers'),
(1361, 'vip'),
(1362, 'star'),
(1363, 'wars'),
(1364, 'dinosaurs'),
(1365, 'minions'),
(1366, 'hello'),
(1367, 'cool'),
(1368, 'been'),
(1369, 'popular'),
(1370, '577'),
(1371, 'mario'),
(1372, 'spike'),
(1373, '71413'),
(1374, 'fantastic'),
(1375, 'beasts'),
(1376, 'wizarding'),
(1377, 'complete'),
(1378, '71022'),
(1379, 'dacta'),
(1380, '9377'),
(1381, 'chinese'),
(1382, 'lunar'),
(1383, 'year'),
(1384, 'elves'),
(1385, 'naida'),
(1386, 'epic'),
(1387, 'adventure'),
(1388, 'ship'),
(1389, '41073'),
(1390, 'legoland'),
(1391, '102'),
(1392, '9376'),
(1393, '842'),
(1394, 'batman'),
(1395, 'movie'),
(1396, 'joker'),
(1397, 'manor'),
(1398, '70922'),
(1399, 'tea'),
(1400, 'party'),
(1401, '30687'),
(1402, 'games'),
(1403, 'accessories'),
(1404, 'soccer'),
(1405, 'football'),
(1406, 'mania'),
(1407, 'rom'),
(1408, '5784'),
(1409, 'service'),
(1410, 'figures'),
(1411, '9947'),
(1412, 'off'),
(1413, 'atv'),
(1414, 'otter'),
(1415, 'habitat'),
(1416, '60394'),
(1417, 'helicarrier'),
(1418, '76153'),
(1419, 'windmill'),
(1420, 'village'),
(1421, 'hut'),
(1422, '75636'),
(1423, 'construction'),
(1424, 'cement'),
(1425, 'mixer'),
(1426, '7990'),
(1427, 'pack'),
(1428, '40610'),
(1429, 'fortnite'),
(1430, 'durrr'),
(1431, 'burger'),
(1432, 'restaurant'),
(1433, '77076'),
(1434, 'advent'),
(1435, 'calendar'),
(1436, '2011'),
(1437, '7958'),
(1438, 'simpsons'),
(1439, 'apu'),
(1440, 'nahasapeemapetilon'),
(1441, '71005'),
(1442, 'juniors'),
(1443, 'speedy'),
(1444, 'police'),
(1445, 'car'),
(1446, '4666'),
(1447, 'blacktron'),
(1448, 'orbital'),
(1449, 'guardian'),
(1450, '6878'),
(1451, 'roadplates'),
(1452, 'scenery'),
(1453, '9360'),
(1454, 'serial'),
(1455, 'adapter'),
(1456, '9751'),
(1457, 'doc'),
(1458, 'mcstuffins'),
(1459, 'backyard'),
(1460, 'clinic'),
(1461, '10606'),
(1462, 'race'),
(1463, 'rocket'),
(1464, 'dragster'),
(1465, '6616'),
(1466, '9310'),
(1467, 'winnie'),
(1468, 'pooh'),
(1469, 'big'),
(1470, 'honeypot'),
(1471, '2989'),
(1472, 'classic'),
(1473, 'baseplate'),
(1474, '10714'),
(1475, 'thanksgiving'),
(1476, 'turkey'),
(1477, '40033'),
(1478, 'vampire'),
(1479, 'bat'),
(1480, 'vampirebat'),
(1481, 'gru'),
(1482, '75546'),
(1483, 'divers'),
(1484, 'sea'),
(1485, 'hunter'),
(1486, '6555'),
(1487, 'belville'),
(1488, 'princess'),
(1489, 'rosaline'),
(1490, 'her'),
(1491, 'friends'),
(1492, 'k5805'),
(1493, 'typesetter'),
(1494, 'shop'),
(1495, 'composing'),
(1496, 'german'),
(1497, '9550'),
(1498, 'jumbo'),
(1499, 'pre'),
(1500, 'school'),
(1501, 'large'),
(1502, '503'),
(1503, 'mindstorms'),
(1504, 'mini'),
(1505, 'robots'),
(1506, '40413'),
(1507, '12345678910111213'),
(1508, 'upload'),
(1509, 'pixel'),
(1510, 'pixelated'),
(1511, 'recreate'),
(1512, 'picture'),
(1513, 'select'),
(1514, '128'),
(1515, 'many'),
(1516, 'colors'),
(1517, 'interval'),
(1518, 'node'),
(1519, 'seconds'),
(1520, 'loadnodes'),
(1521, 'ago'),
(1522, 'courier'),
(1523, 'collapse'),
(1524, 'timeago'),
(1525, 'responded_at'),
(1526, 'now'),
(1527, 'e4ede9'),
(1528, '2830ce'),
(1529, 'eb062c'),
(1530, 'eb741d'),
(1531, 'domain'),
(1532, 'genesis'),
(1533, 'yes'),
(1534, 'respondedat'),
(1535, 'attempts'),
(1536, 'round'),
(1537, 'gettime'),
(1538, '1000'),
(1539, '31536000'),
(1540, 'years'),
(1541, '2592000'),
(1542, 'months'),
(1543, '86400'),
(1544, 'days'),
(1545, '3600'),
(1546, 'hours'),
(1547, 'minutes'),
(1548, 'minifigures'),
(1549, 'knights'),
(1550, 'emmet'),
(1551, 'bionicle'),
(1552, 'educational'),
(1553, 'heroes'),
(1554, 'looney'),
(1555, 'tunes'),
(1556, 'dragon'),
(1557, 'battle'),
(1558, 'forestmen'),
(1559, 'holiday'),
(1560, 'christmas'),
(1561, 'ornament'),
(1562, 'cars'),
(1563, 'men'),
(1564, 'jean'),
(1565, 'phoenix'),
(1566, 'costume'),
(1567, 'comcon021'),
(1568, 'wildflower'),
(1569, 'bouquet'),
(1570, '10313'),
(1571, 'nexo'),
(1572, 'robin'),
(1573, 'fortrex'),
(1574, '30372'),
(1575, 'pyjamas'),
(1576, '5002045'),
(1577, 'stuntz'),
(1578, 'selfie'),
(1579, 'stunt'),
(1580, 'bike'),
(1581, '60309'),
(1582, 'books'),
(1583, 'guard'),
(1584, 'secret'),
(1585, 'book'),
(1586, '9780007231867'),
(1587, 'wonders'),
(1588, 'old'),
(1589, 'supreme'),
(1590, 'court'),
(1591, '6218772'),
(1592, 'people'),
(1593, '1045'),
(1594, 'competition'),
(1595, 'scorpion'),
(1596, 'attack'),
(1597, '8268'),
(1598, 'tahu'),
(1599, '8534'),
(1600, 'unicorn'),
(1601, 'guy'),
(1602, '71021'),
(1603, 'toby'),
(1604, 'wellsworth'),
(1605, 'station'),
(1606, '5555'),
(1607, 'exclusive'),
(1608, 'house'),
(1609, 'chef'),
(1610, '40295'),
(1611, '71004'),
(1612, 'aquaman'),
(1613, '71026'),
(1614, '71030'),
(1615, 'lava'),
(1616, '3838'),
(1617, 'easter'),
(1618, 'bunny'),
(1619, 'chick'),
(1620, '40031'),
(1621, '6018'),
(1622, 'hideout'),
(1623, '6054'),
(1624, 'rcx'),
(1625, 'volt'),
(1626, 'sensor'),
(1627, 'leads'),
(1628, '9911'),
(1629, 'ferry'),
(1630, 'captain'),
(1631, '71034'),
(1632, 'jet'),
(1633, 'rocka'),
(1634, '44014'),
(1635, 'creator'),
(1636, 'expert'),
(1637, '10173'),
(1638, '70427'),
(1639, '853344'),
(1640, '10066'),
(1641, 'goddess'),
(1642, '71007'),
(1643, 'ideas'),
(1644, 'cuusoo'),
(1645, 'bottle'),
(1646, '21313'),
(1647, 'renewable'),
(1648, 'energy'),
(1649, '9684'),
(1650, 'mia'),
(1651, 'vet'),
(1652, '10728'),
(1653, 'ninjago'),
(1654, 'shark'),
(1655, 'army'),
(1656, 'angler'),
(1657, '71019'),
(1658, '21226'),
(1659, '66386'),
(1660, 'trains'),
(1661, 'interactive'),
(1662, '10428'),
(1663, 'bag'),
(1664, '8805'),
(1665, 'desert'),
(1666, 'plane'),
(1667, '3039'),
(1668, 'french'),
(1669, 'seasonal'),
(1670, 'hallmark'),
(1671, 'keepsake'),
(1672, 'tree'),
(1673, 'quidditch'),
(1674, 'seeker'),
(1675, 'qxi6039'),
(1676, 'ev3'),
(1677, 'superman'),
(1678, 'clikits'),
(1679, 'fire'),
(1680, 'factory'),
(1681, 'arctic'),
(1682, 'technic'),
(1683, 'machines'),
(1684, '9975'),
(1685, 'lost'),
(1686, 'temple'),
(1687, '10725'),
(1688, 'scooter'),
(1689, '199'),
(1690, 'pink'),
(1691, 'batgirl'),
(1692, '71017'),
(1693, 'infrared'),
(1694, '45509'),
(1695, 'zero'),
(1696, 'escape'),
(1697, '76009'),
(1698, 'sleepyhead'),
(1699, '8827'),
(1700, 'primo'),
(1701, 'gift'),
(1702, '2089'),
(1703, 'toy'),
(1704, 'story'),
(1705, 'buzz'),
(1706, 'lightyear'),
(1707, 'planetary'),
(1708, '10962'),
(1709, 'toolo'),
(1710, 'starter'),
(1711, '1814'),
(1712, 'incredibles'),
(1713, 'nintendo'),
(1714, 'switch'),
(1715, '1000704831'),
(1716, '1053'),
(1717, '010'),
(1718, 'crazy'),
(1719, 'scientist'),
(1720, '8804'),
(1721, 'avatar'),
(1722, 'metkayina'),
(1723, 'reef'),
(1724, '75578'),
(1725, '952211'),
(1726, 'spiderman'),
(1727, 'spider'),
(1728, 'man'),
(1729, 'funfair'),
(1730, '10963'),
(1731, 'flying'),
(1732, 'warrior'),
(1733, '71011'),
(1734, '2005'),
(1735, '7574'),
(1736, 'first'),
(1737, 'league'),
(1738, '2000461'),
(1739, 'playsets'),
(1740, 'toa'),
(1741, 'terrain'),
(1742, 'crawler'),
(1743, '8927'),
(1744, 'hoth'),
(1745, '3866'),
(1746, '60217'),
(1747, 'unikitty'),
(1748, 'alien'),
(1749, 'puppycorn'),
(1750, '41775'),
(1751, 'lair'),
(1752, '75551'),
(1753, 'tunneler'),
(1754, 'beast'),
(1755, 'surge'),
(1756, '44024'),
(1757, 'solar'),
(1758, 'snooper'),
(1759, '6957'),
(1760, 'goblin'),
(1761, '71008'),
(1762, 'bags'),
(1763, 'totes'),
(1764, 'luggage'),
(1765, 'popstar'),
(1766, 'backpack'),
(1767, '200431705'),
(1768, 'ice'),
(1769, 'saw'),
(1770, '30360'),
(1771, 'racers'),
(1772, '4595400'),
(1773, 'deep'),
(1774, 'freeze'),
(1775, 'chill'),
(1776, 'speeder'),
(1777, '4742'),
(1778, 'girls'),
(1779, 'lena'),
(1780, 'luthor'),
(1781, 'kryptomite'),
(1782, '41238'),
(1783, '6278700'),
(1784, 'modular'),
(1785, 'detective'),
(1786, 'office'),
(1787, '10246'),
(1788, 'miles'),
(1789, 'promotional'),
(1790, 'dino'),
(1791, 'expedition'),
(1792, 'universal'),
(1793, 'chain'),
(1794, 'disney'),
(1795, 'queen'),
(1796, '71038'),
(1797, '1922'),
(1798, 'tomorrowland'),
(1799, 'adventures'),
(1800, '10824'),
(1801, 'birthday'),
(1802, '10457'),
(1803, 'insectoids'),
(1804, 'sonic'),
(1805, 'stinger'),
(1806, 'mask'),
(1807, '6909'),
(1808, 'airport'),
(1809, 'passenger'),
(1810, 'airplane'),
(1811, '60367'),
(1812, 'keeper'),
(1813, '3413'),
(1814, 'architecture'),
(1815, 'john'),
(1816, 'hancock'),
(1817, 'brickstructures'),
(1818, '19720'),
(1819, 'angry'),
(1820, 'birds'),
(1821, 'piggy'),
(1822, 'pirate'),
(1823, '75825'),
(1824, 'ris'),
(1825, 'k3801'),
(1826, 'wheelers'),
(1827, 'speedbike'),
(1828, '2947'),
(1829, 'market'),
(1830, 'street'),
(1831, 'tour'),
(1832, 'lit2007'),
(1833, '76293'),
(1834, 'extreme'),
(1835, 'hang'),
(1836, 'glider'),
(1837, '6585'),
(1838, 'receiver'),
(1839, '8884'),
(1840, 'valley'),
(1841, '5598'),
(1842, 'tri'),
(1843, 'motorbike'),
(1844, '1249'),
(1845, 'hermione'),
(1846, 'granger'),
(1847, 'yuppie'),
(1848, '71018'),
(1849, 'infinity'),
(1850, 'saga'),
(1851, 'iron'),
(1852, 'legion'),
(1853, '242501'),
(1854, 'play'),
(1855, '66237'),
(1856, 'duel'),
(1857, 'geonosis'),
(1858, '75017'),
(1859, 'pursuit'),
(1860, '10665'),
(1861, 'orient'),
(1862, '7424'),
(1863, 'figure'),
(1864, 'cyber'),
(1865, 'person'),
(1866, 'polybag'),
(1867, 'fair'),
(1868, 'nuernberg'),
(1869, 'promotion'),
(1870, '1998'),
(1871, 'tech007promo'),
(1872, 'tribal'),
(1873, '8683'),
(1874, 'sad'),
(1875, 'clown'),
(1876, '71001'),
(1877, 'apple'),
(1878, '7172'),
(1879, 'powered'),
(1880, 'light'),
(1881, '88005'),
(1882, 'ben'),
(1883, '8519'),
(1884, 'kingdoms'),
(1885, 'prison'),
(1886, 'carriage'),
(1887, 'rescue'),
(1888, '7949'),
(1889, '8050'),
(1890, 'doors'),
(1891, 'panes'),
(1892, '3735'),
(1893, 'jack'),
(1894, 'sparrow'),
(1895, '853187'),
(1896, '6573'),
(1897, 'znap'),
(1898, '3501'),
(1899, 'brickheadz'),
(1900, 'supplemental'),
(1901, 'discovery'),
(1902, 'lander'),
(1903, '10029'),
(1904, 'parks'),
(1905, 'frame'),
(1906, 'windsor'),
(1907, 'edition'),
(1908, '40081'),
(1909, 'planes'),
(1910, 'ripslinger'),
(1911, 'air'),
(1912, '10510'),
(1913, 'ufo'),
(1914, 'flyer'),
(1915, '2847'),
(1916, 'shimao'),
(1917, '6270050'),
(1918, 'stingrays'),
(1919, '6160'),
(1920, 'clocks'),
(1921, 'watches'),
(1922, 'alarm'),
(1923, '5002424'),
(1924, 'moon'),
(1925, 'landing'),
(1926, '565'),
(1927, 'gravity'),
(1928, 'snowboard'),
(1929, 'pipe'),
(1930, '3585'),
(1931, 'heli'),
(1932, 'transport'),
(1933, 'rota'),
(1934, '3591'),
(1935, 'robolab'),
(1936, 'intelligent'),
(1937, '9795'),
(1938, 'hobby'),
(1939, 'formula'),
(1940, '392'),
(1941, 'mickey'),
(1942, 'mouse'),
(1943, 'minnie'),
(1944, 'cafe'),
(1945, '10830'),
(1946, 'farm'),
(1947, 'lawn'),
(1948, 'mower'),
(1949, '952404'),
(1950, 'colourful'),
(1951, 'eggs'),
(1952, '30668'),
(1953, 'kingdom'),
(1954, 'king'),
(1955, 'leo'),
(1956, 'cart'),
(1957, '1286'),
(1958, 'wicked'),
(1959, 'glinda'),
(1960, 'wedding'),
(1961, 'day'),
(1962, '75688'),
(1963, 'ghostbusters'),
(1964, 'firehouse'),
(1965, 'headquarters'),
(1966, '75827'),
(1967, '9753'),
(1968, '1298'),
(1969, 'harbor'),
(1970, 'cargo'),
(1971, '616'),
(1972, 'legends'),
(1973, 'chima'),
(1974, 'bear'),
(1975, 'mech'),
(1976, '30256'),
(1977, 'traffic'),
(1978, 'helicopter'),
(1979, 'transporter'),
(1980, '7686'),
(1981, '2604'),
(1982, 'speed'),
(1983, 'racer'),
(1984, 'grand'),
(1985, 'prix'),
(1986, '8161'),
(1987, 'collector'),
(1988, 'wing'),
(1989, 'fighter'),
(1990, '7191'),
(1991, 'sith'),
(1992, '31200'),
(1993, 'western'),
(1994, 'cowboys'),
(1995, '617'),
(1996, 'port'),
(1997, 'rover'),
(1998, '6463'),
(1999, 'wildlife'),
(2000, 'park'),
(2001, '3095'),
(2002, 'bathtub'),
(2003, '60333'),
(2004, 'crater'),
(2005, '453'),
(2006, 'krusty'),
(2007, '60197'),
(2008, 'fitness'),
(2009, 'instructor'),
(2010, '71045'),
(2011, 'fabuland'),
(2012, 'flower'),
(2013, '3624'),
(2014, 'legend'),
(2015, 'zelda'),
(2016, 'great'),
(2017, 'deku'),
(2018, '77092'),
(2019, 'austin'),
(2020, 'andrea'),
(2021, 'stephanie'),
(2022, 'beach'),
(2023, '10747'),
(2024, 'opening'),
(2025, 'barton'),
(2026, 'creek'),
(2027, 'vidiyo'),
(2028, 'bandmates'),
(2029, '43108'),
(2030, 'magnets'),
(2031, 'magnet'),
(2032, '854015'),
(2033, '2138'),
(2034, 'catman'),
(2035, 'ninja'),
(2036, '1184'),
(2037, 'fences'),
(2038, '5023'),
(2039, 'wonder'),
(2040, 'woman'),
(2041, 'cheetah'),
(2042, '76157'),
(2043, 'galactic'),
(2044, 'chief'),
(2045, '6813'),
(2046, 'crane'),
(2047, '7905'),
(2048, 'fantasy'),
(2049, 'era'),
(2050, 'skeleton'),
(2051, 'chariot'),
(2052, '5372'),
(2053, 'evil'),
(2054, 'ogel'),
(2055, '4798'),
(2056, 'hydronauts'),
(2057, 'hydro'),
(2058, '6180'),
(2059, 'mark'),
(2060, '7169'),
(2061, 'halloween'),
(2062, 'lantern'),
(2063, '6496959'),
(2064, 'valentine'),
(2065, 'rose'),
(2066, '6328560'),
(2067, '45003'),
(2068, 'monsters'),
(2069, '71010'),
(2070, 'villains'),
(2071, 'splitface'),
(2072, '6218'),
(2073, 'shuttle'),
(2074, '7470'),
(2075, 'idea'),
(2076, '238'),
(2077, 'jurassic'),
(2078, 'triceratops'),
(2079, 'baby'),
(2080, '472210'),
(2081, 'prince'),
(2082, 'persia'),
(2083, 'alamut'),
(2084, '7573'),
(2085, '0013'),
(2086, 'spacecraft'),
(2087, '2543'),
(2088, 'aquasharks'),
(2089, 'spy'),
(2090, '6135'),
(2091, 'modulars'),
(2092, '10230'),
(2093, 'bricktober'),
(2094, 'popcorn'),
(2095, 'stall'),
(2096, '5008864'),
(2097, '3737'),
(2098, 'rolling'),
(2099, 'stones'),
(2100, '31206'),
(2101, 'spaceman'),
(2102, 'cruisers'),
(2103, 'tunnelator'),
(2104, '6495'),
(2105, 'minitalia'),
(2106, 'meteor'),
(2107, 'monitor'),
(2108, '1875'),
(2109, 'ultra'),
(2110, 'agents'),
(2111, 'dora'),
(2112, 'monarch'),
(2113, 'ghost'),
(2114, '6034'),
(2115, '3554'),
(2116, 'player'),
(2117, 'piano'),
(2118, '802a'),
(2119, 'trolls'),
(2120, 'poppy'),
(2121, 'pod'),
(2122, '41251'),
(2123, 'diva'),
(2124, 'bundle'),
(2125, '5043105'),
(2126, 'island'),
(2127, 'bricksters'),
(2128, 'revenge'),
(2129, '5774'),
(2130, 'skulls'),
(2131, '10192'),
(2132, 'bucket'),
(2133, '4285'),
(2134, '8082'),
(2135, 'mummy'),
(2136, '8803'),
(2137, 'invasion'),
(2138, '5003840'),
(2139, 'traditional'),
(2140, 'festivals'),
(2141, '6361096'),
(2142, 'elphaba'),
(2143, '75680'),
(2144, 'forklift'),
(2145, '952212'),
(2146, 'crab'),
(2147, '6140'),
(2148, 'software'),
(2149, 'dos'),
(2150, 'windows'),
(2151, '9705'),
(2152, 'lone'),
(2153, 'ranger'),
(2154, 'colby'),
(2155, 'showdown'),
(2156, '79109'),
(2157, 'weetabix'),
(2158, 'weetabix1'),
(2159, 'bikes'),
(2160, '8305'),
(2161, 'over'),
(2162, '1300'),
(2163, 'stickers'),
(2164, '9780794448424'),
(2165, 'aquaraiders'),
(2166, 'crystal'),
(2167, 'scavenger'),
(2168, '2160'),
(2169, 'stone'),
(2170, 'bank'),
(2171, 'breakout'),
(2172, '4608'),
(2173, 'connection'),
(2174, 'wire'),
(2175, '10078'),
(2176, '70165'),
(2177, '2021'),
(2178, '76390'),
(2179, 'airlines'),
(2180, '610'),
(2181, 'gray'),
(2182, 'pulley'),
(2183, '970018'),
(2184, 'truck'),
(2185, '7631'),
(2186, 'explorer'),
(2187, 'diego'),
(2188, 'animal'),
(2189, '7333'),
(2190, 'tournament'),
(2191, 'knight'),
(2192, '71027'),
(2193, 'royal'),
(2194, 'surprise'),
(2195, '6036'),
(2196, 'exo'),
(2197, 'suit'),
(2198, '10825'),
(2199, 'retro'),
(2200, 'chic'),
(2201, 'cosmetics'),
(2202, '7537'),
(2203, 'kitty'),
(2204, 'pop'),
(2205, '71023'),
(2206, 'patrol'),
(2207, '7595'),
(2208, 'spyrius'),
(2209, 'robo'),
(2210, '6949'),
(2211, 'distance'),
(2212, '88007'),
(2213, 'ski'),
(2214, '30015'),
(2215, 'forest'),
(2216, 'modulex'),
(2217, 'originals'),
(2218, 'little'),
(2219, 'hospital'),
(2220, 'pirates'),
(2221, 'usb'),
(2222, '9794'),
(2223, 'lizard'),
(2224, 'dreamzzz'),
(2225, 'mateo'),
(2226, '71491'),
(2227, 'tudor'),
(2228, 'corner'),
(2229, '10350'),
(2230, '100x'),
(2231, 'm20'),
(2232, '2140'),
(2233, 'mata'),
(2234, 'nui'),
(2235, '8989'),
(2236, '5008985'),
(2237, 'prints'),
(2238, '5006582'),
(2239, 'toadstools'),
(2240, '2831'),
(2241, 'inventor'),
(2242, 'motion'),
(2243, 'madness'),
(2244, '4090'),
(2245, 'scarecrow'),
(2246, '71002'),
(2247, 'houseware'),
(2248, 'nova'),
(2249, 'aliya'),
(2250, 'lunch'),
(2251, '202842410'),
(2252, '3617'),
(2253, 'venom'),
(2254, '76163'),
(2255, 'ginny'),
(2256, 'weasley'),
(2257, '71028'),
(2258, 'medium'),
(2259, 'fawn'),
(2260, '41023'),
(2261, 'sterling'),
(2262, 'airways'),
(2263, 'biplane'),
(2264, '1555'),
(2265, 'mite'),
(2266, 'wrecker'),
(2267, '2162'),
(2268, 'hazmat'),
(2269, 'xtra'),
(2270, 'botanical'),
(2271, '40310'),
(2272, 'k7890'),
(2273, 'mansion'),
(2274, '4167'),
(2275, '852747'),
(2276, 'coast'),
(2277, '9781338210224'),
(2278, '5003027'),
(2279, 'non'),
(2280, 'fiction'),
(2281, 'character'),
(2282, 'encyclopedia'),
(2283, 'updated'),
(2284, '9780241712412'),
(2285, 'walt'),
(2286, 'tribute'),
(2287, 'camera'),
(2288, '43230'),
(2289, 'blacksmith'),
(2290, '3739'),
(2291, 'cactus'),
(2292, 'girl'),
(2293, 'garden'),
(2294, 'fairy'),
(2295, '5859'),
(2296, 'pig'),
(2297, '40186'),
(2298, '8030'),
(2299, 'tractor'),
(2300, '60181'),
(2301, '2014'),
(2302, '41040'),
(2303, 'crossing'),
(2304, 'pillow'),
(2305, 'frozen'),
(2306, 'universe'),
(2307, 'boat'),
(2308, 'manual'),
(2309, '7835'),
(2310, 'karzon'),
(2311, '8706'),
(2312, 'iguanodon'),
(2313, '7001'),
(2314, 'lilo'),
(2315, 'stitch'),
(2316, '43268'),
(2317, 'undersea'),
(2318, '8926'),
(2319, '65118'),
(2320, 'plush'),
(2321, 'toys'),
(2322, 'cuddle'),
(2323, 'raptor'),
(2324, 'chase'),
(2325, '5884'),
(2326, 'elsa'),
(2327, 'treats'),
(2328, '43234'),
(2329, '55001'),
(2330, 'palace'),
(2331, '4820'),
(2332, '315'),
(2333, 'studios'),
(2334, 'crypt'),
(2335, '1381'),
(2336, 'freighter'),
(2337, '4015'),
(2338, 'wolverine'),
(2339, 'adamantium'),
(2340, 'claws'),
(2341, '76250'),
(2342, 'dog'),
(2343, 'show'),
(2344, 'winner'),
(2345, '71013'),
(2346, 'gabby'),
(2347, 'dollhouse'),
(2348, 'bakey'),
(2349, 'cakey'),
(2350, '10785'),
(2351, 'conquest'),
(2352, 'adu'),
(2353, 'walker'),
(2354, '30140'),
(2355, '6415'),
(2356, 'overwatch'),
(2357, 'tracer'),
(2358, 'golden'),
(2359, 'guns'),
(2360, 'owik'),
(2361, 'republic'),
(2362, 'gunship'),
(2363, '7676'),
(2364, '65708'),
(2365, 'cinderella'),
(2366, 'magical'),
(2367, '10855'),
(2368, '88016'),
(2369, 'theater'),
(2370, 'scenes'),
(2371, '1516'),
(2372, '369'),
(2373, 'kapp'),
(2374, '77048'),
(2375, 'rattle'),
(2376, '5468'),
(2377, '9303'),
(2378, 'stationery'),
(2379, 'supplies'),
(2380, 'kai'),
(2381, 'pencil'),
(2382, '53460'),
(2383, 'iii'),
(2384, '5003082'),
(2385, '30339'),
(2386, '2960'),
(2387, 'shield'),
(2388, 'trushield'),
(2389, 'skylines'),
(2390, 'dubai'),
(2391, '21052'),
(2392, 'scout'),
(2393, '1694'),
(2394, 'sofia'),
(2395, 'dagger'),
(2396, 'trap'),
(2397, '20017'),
(2398, 'green'),
(2399, '10708'),
(2400, 'jungle'),
(2401, 'accessory'),
(2402, '850967'),
(2403, 'heliport'),
(2404, '560'),
(2405, '41232'),
(2406, 'crossbow'),
(2407, '1804'),
(2408, 'penguin'),
(2409, 'boy'),
(2410, '5007555'),
(2411, 'bird'),
(2412, 'egg'),
(2413, 'heist'),
(2414, '75823'),
(2415, 'pneumatic'),
(2416, '8460'),
(2417, '8833'),
(2418, '9485'),
(2419, 'conveyor'),
(2420, '545'),
(2421, 'four'),
(2422, '1891'),
(2423, 'playstation'),
(2424, '5705'),
(2425, '5004259'),
(2426, 'emerald'),
(2427, 'wall'),
(2428, '75685'),
(2429, 'rapunzel'),
(2430, 'dressing'),
(2431, '302101'),
(2432, 'money'),
(2433, '40648'),
(2434, 'miners'),
(2435, 'monster'),
(2436, 'launcher'),
(2437, '8908'),
(2438, 'kiosk'),
(2439, '40757'),
(2440, '7641'),
(2441, 'awesome'),
(2442, 'tales'),
(2443, '9780593431542'),
(2444, 'samsonite'),
(2445, 'master'),
(2446, 'builder'),
(2447, '004'),
(2448, 'stable'),
(2449, '10594'),
(2450, 'roadblock'),
(2451, 'runners'),
(2452, '6549'),
(2453, 'gertrude'),
(2454, 'goat'),
(2455, 'painter'),
(2456, '3637'),
(2457, 'gator'),
(2458, 'swamp'),
(2459, '8899'),
(2460, 'jeep'),
(2461, '2531'),
(2462, 'tabletop'),
(2463, 'playing'),
(2464, 'cards'),
(2465, 'playingcards'),
(2466, '2856227'),
(2467, 'aqua'),
(2468, 'dozer'),
(2469, '2161'),
(2470, '1032'),
(2471, 'scarlet'),
(2472, 'witch'),
(2473, '71031'),
(2474, 'icebite'),
(2475, 'claw'),
(2476, 'driller'),
(2477, '70223'),
(2478, 'ships'),
(2479, '1049'),
(2480, 'courtyard'),
(2481, '43199'),
(2482, 'bad'),
(2483, 'monkey'),
(2484, '2757'),
(2485, 'protectors'),
(2486, 'protector'),
(2487, '70782'),
(2488, '6702'),
(2489, 'mosaic'),
(2490, 'williams'),
(2491, 'nxt'),
(2492, 'loader'),
(2493, 'rough'),
(2494, 'rider'),
(2495, '1273'),
(2496, 'listen'),
(2497, '2827'),
(2498, 'love'),
(2499, '31214'),
(2500, 'quatro'),
(2501, '5355'),
(2502, 'cat'),
(2503, 'k34431'),
(2504, 'imperial'),
(2505, 'hotel'),
(2506, '21017'),
(2507, '43273'),
(2508, '8461'),
(2509, 'stormtrooper'),
(2510, 'junior'),
(2511, '5711013052423'),
(2512, 'slammers'),
(2513, 'burner'),
(2514, '8236'),
(2515, 'crocodile'),
(2516, 'cage'),
(2517, '6246'),
(2518, 'giganotosaurus'),
(2519, 'therizinosaurus'),
(2520, '76949'),
(2521, 'rattles'),
(2522, '1981'),
(2523, 'supplement'),
(2524, '10693'),
(2525, '8450'),
(2526, 'abduction'),
(2527, '7052'),
(2528, '342'),
(2529, 'fairytale'),
(2530, 'homeschool'),
(2531, '5003430'),
(2532, 'tow'),
(2533, '601'),
(2534, 'futuron'),
(2535, 'strategic'),
(2536, 'pursuer'),
(2537, '6848'),
(2538, 'cam'),
(2539, 'diver'),
(2540, '1426'),
(2541, '66615'),
(2542, 'airshow'),
(2543, 'tiger'),
(2544, '2774'),
(2545, '8300'),
(2546, 'resource'),
(2547, '9648'),
(2548, 'mixels'),
(2549, 'flamzer'),
(2550, '41531'),
(2551, 'life'),
(2552, 'mars'),
(2553, 'excavation'),
(2554, 'searcher'),
(2555, '7316'),
(2556, '1092'),
(2557, '9875'),
(2558, 'backhoe'),
(2559, '42004'),
(2560, 'skyline'),
(2561, '5526'),
(2562, 'planet'),
(2563, '2002'),
(2564, 'sat'),
(2565, '6898'),
(2566, 'painting'),
(2567, '40121'),
(2568, 'vikings'),
(2569, 'viking'),
(2570, 'fortress'),
(2571, 'against'),
(2572, 'fafnir'),
(2573, '7019'),
(2574, 'low'),
(2575, 'excavator'),
(2576, '649'),
(2577, 'jor'),
(2578, '5001623'),
(2579, 'santa'),
(2580, 'mail'),
(2581, 'baggage'),
(2582, '10025'),
(2583, 'scooby'),
(2584, 'doo'),
(2585, 'carrot'),
(2586, 'horizon'),
(2587, 'aloy'),
(2588, 'varl'),
(2589, 'shell'),
(2590, 'sawtooth'),
(2591, '77037'),
(2592, '10788'),
(2593, 'prospector'),
(2594, 'floating'),
(2595, 'mountains'),
(2596, 'rda'),
(2597, 'samson'),
(2598, '75573'),
(2599, '3736'),
(2600, 'motorized'),
(2601, '9631'),
(2602, 'supplementary'),
(2603, '1075'),
(2604, 'season'),
(2605, 'dvd'),
(2606, '34102240'),
(2607, 'sticker'),
(2608, '9780439501200'),
(2609, 'copter'),
(2610, 'encounter'),
(2611, '7067'),
(2612, 'rails'),
(2613, '2711'),
(2614, 'sailor'),
(2615, 'gold'),
(2616, '5971'),
(2617, '5004810'),
(2618, 'ucs'),
(2619, 'tumbler'),
(2620, '76023'),
(2621, '7947'),
(2622, 'toad'),
(2623, 'hunt'),
(2624, 'expansion'),
(2625, '71368'),
(2626, 'aurora'),
(2627, 'shogun'),
(2628, 'fort'),
(2629, '3077'),
(2630, 'captainmarvel'),
(2631, 'collectible'),
(2632, 'vintage'),
(2633, 'vol'),
(2634, '852753'),
(2635, 'trash'),
(2636, 'compactor'),
(2637, '7596'),
(2638, 'indiana'),
(2639, 'jones'),
(2640, 'chauchilla'),
(2641, 'cemetery'),
(2642, '7196'),
(2643, 'muppets'),
(2644, '71033'),
(2645, 'turbo'),
(2646, '8307'),
(2647, 'san'),
(2648, 'francisco'),
(2649, '21043'),
(2650, '71024'),
(2651, 'trike'),
(2652, '7312'),
(2653, 'stormer'),
(2654, 'machine'),
(2655, '44017'),
(2656, 'sven'),
(2657, '1802'),
(2658, '2013'),
(2659, '41016'),
(2660, 'dolls'),
(2661, 'marie'),
(2662, '2952'),
(2663, 'dungeons'),
(2664, 'dragons'),
(2665, 'dragonborn'),
(2666, 'paladin'),
(2667, '71047'),
(2668, 'speedorz'),
(2669, 'sky'),
(2670, 'joust'),
(2671, '70114'),
(2672, 'sealed'),
(2673, '6385680'),
(2674, 'america'),
(2675, 'wedo'),
(2676, 'storage'),
(2677, 'exploration'),
(2678, 'testing'),
(2679, '60225'),
(2680, 'wind'),
(2681, '6572'),
(2682, 'snowmobile'),
(2683, '951810'),
(2684, 'gargoyle'),
(2685, '10x'),
(2686, 'door'),
(2687, '2348'),
(2688, 'gear'),
(2689, 'bots'),
(2690, '5006823'),
(2691, '10754'),
(2692, '71049'),
(2693, '6079'),
(2694, 'spybotics'),
(2695, 'technojaw'),
(2696, 't55'),
(2697, '3809'),
(2698, 'dobby'),
(2699, '66795'),
(2700, 'aaa'),
(2701, 'battery'),
(2702, '88000'),
(2703, 'lighting'),
(2704, '816'),
(2705, '1183'),
(2706, 'designer'),
(2707, 'program'),
(2708, '910009'),
(2709, 'hulk'),
(2710, '76292'),
(2711, 'comics'),
(2712, 'defend'),
(2713, 'batcave'),
(2714, '10672'),
(2715, '4614586'),
(2716, '2015'),
(2717, '5004077'),
(2718, 'dots'),
(2719, 'hogwarts'),
(2720, 'desktop'),
(2721, '41811'),
(2722, '2843'),
(2723, '45301'),
(2724, 'brachiosaurus'),
(2725, '76960'),
(2726, 'tomb'),
(2727, '7621'),
(2728, '40301731'),
(2729, '9781465454003'),
(2730, 'vehicles'),
(2731, 'ford'),
(2732, 'taunus'),
(2733, '17m'),
(2734, 'garage'),
(2735, '268'),
(2736, 'willy'),
(2737, 'butte'),
(2738, 'training'),
(2739, '10742'),
(2740, 'brickbeard'),
(2741, 'bounty'),
(2742, '6243'),
(2743, '4604'),
(2744, '2010'),
(2745, '7952'),
(2746, 'ganymede'),
(2747, 'wagon'),
(2748, 'tippers'),
(2749, '130'),
(2750, '7883'),
(2751, 'director'),
(2752, '4059'),
(2753, 'raccoon'),
(2754, 'fan'),
(2755, '71032'),
(2756, 'policeman'),
(2757, '30324'),
(2758, 'wave'),
(2759, 'cops'),
(2760, '4012'),
(2761, 'sushi'),
(2762, 'fly'),
(2763, '12v'),
(2764, 'freight'),
(2765, 'steam'),
(2766, '7727'),
(2767, 'boun'),
(2768, '43185'),
(2769, '70411'),
(2770, 'kindergarten'),
(2771, '700k'),
(2772, '1712'),
(2773, 'roboforce'),
(2774, 'raider'),
(2775, '2151'),
(2776, 'frost'),
(2777, '44011'),
(2778, 'homemaker'),
(2779, 'kitchen'),
(2780, '263'),
(2781, 'batmobile'),
(2782, '70917'),
(2783, '10538'),
(2784, '66796'),
(2785, '6319'),
(2786, 'mystery'),
(2787, 'campaign'),
(2788, 'influencer'),
(2789, 'sdik'),
(2790, 'justice'),
(2791, '10191'),
(2792, '10675'),
(2793, 'sculptures'),
(2794, '3724'),
(2795, 'pizza'),
(2796, '5658'),
(2797, 'throwbot'),
(2798, 'slizer'),
(2799, 'millennium'),
(2800, 'millennia'),
(2801, '8520'),
(2802, '4898'),
(2803, '9890'),
(2804, 'jay'),
(2805, '70731'),
(2806, 'polar'),
(2807, 'base'),
(2808, '6575'),
(2809, 'river'),
(2810, '7410'),
(2811, 'bob'),
(2812, 'naughty'),
(2813, 'spud'),
(2814, '3281'),
(2815, '9020'),
(2816, 'cup'),
(2817, 'flintstones'),
(2818, '21316'),
(2819, 'flexible'),
(2820, '8867'),
(2821, 'colosseum'),
(2822, '10276'),
(2823, 'heart'),
(2824, 'battersea'),
(2825, '6476269'),
(2826, 'wooden'),
(2827, 'elephant'),
(2828, 'print'),
(2829, 'woodenelephant'),
(2830, 'championship'),
(2831, '3425'),
(2832, 'legoville'),
(2833, 'horse'),
(2834, '4690'),
(2835, 'bulk'),
(2836, 'assorted'),
(2837, 'brown'),
(2838, '10147'),
(2839, 'wild'),
(2840, '4349'),
(2841, 'pads'),
(2842, '6710'),
(2843, 'blueprint'),
(2844, '757894511630'),
(2845, 'forma'),
(2846, 'koi'),
(2847, '81000'),
(2848, 'constraction'),
(2849, 'chi'),
(2850, 'sir'),
(2851, 'fangar'),
(2852, '70212'),
(2853, 'hammer'),
(2854, 'mutant'),
(2855, 'lizards'),
(2856, '7475'),
(2857, '5008941'),
(2858, 'dancer'),
(2859, '43101'),
(2860, '325'),
(2861, 'taipo'),
(2862, 'railway'),
(2863, '6218774'),
(2864, 'assistant'),
(2865, '4061'),
(2866, '3502'),
(2867, '75821'),
(2868, 'ultrakatty'),
(2869, 'lucy'),
(2870, '70827'),
(2871, 'skeletons'),
(2872, '7092'),
(2873, 'hedgehog'),
(2874, 'balkiry'),
(2875, '30704'),
(2876, 'snow'),
(2877, 'tigger'),
(2878, 'slippery'),
(2879, 'slide'),
(2880, '2985'),
(2881, 'monthly'),
(2882, 'fish'),
(2883, '40135'),
(2884, 'jake'),
(2885, 'never'),
(2886, 'land'),
(2887, 'peter'),
(2888, 'pan'),
(2889, 'visit'),
(2890, '10526'),
(2891, '8022'),
(2892, 'ktr01'),
(2893, 'destroyer'),
(2894, '75252'),
(2895, 'cruncher'),
(2896, '8160'),
(2897, 'miner'),
(2898, '43179'),
(2899, 'command'),
(2900, '4746'),
(2901, 'fallen'),
(2902, '10757'),
(2903, 'zooters'),
(2904, 'goozle'),
(2905, '3263'),
(2906, 'lion'),
(2907, 'jousting'),
(2908, '6021'),
(2909, 'spidey'),
(2910, 'launch'),
(2911, 'emergency'),
(2912, '60405'),
(2913, 'pumpkin'),
(2914, 'pumpkin2'),
(2915, 'aquazone'),
(2916, 'aquacessories'),
(2917, '6104'),
(2918, 'last'),
(2919, 'airbender'),
(2920, 'nation'),
(2921, '3829'),
(2922, 'mercedes'),
(2923, 'trailer'),
(2924, '652'),
(2925, 'surveillance'),
(2926, '1954'),
(2927, 'roman'),
(2928, 'soldier'),
(2929, 'stranger'),
(2930, 'things'),
(2931, 'upside'),
(2932, 'down'),
(2933, '75810'),
(2934, 'astronaut'),
(2935, '2853944'),
(2936, 'mythica'),
(2937, '40556'),
(2938, '316'),
(2939, '3521'),
(2940, 'pteranodon'),
(2941, '10756'),
(2942, 'zodiac'),
(2943, 'digger'),
(2944, '2920'),
(2945, '10184'),
(2946, 'stark'),
(2947, 'drone'),
(2948, '76130'),
(2949, 'mandalorian'),
(2950, 'grogu'),
(2951, '5008114'),
(2952, 'theme'),
(2953, '9353'),
(2954, 'his'),
(2955, 'amazing'),
(2956, 'spinner'),
(2957, '10794'),
(2958, '60336'),
(2959, 'elf'),
(2960, 'spongebob'),
(2961, 'squarepants'),
(2962, 'glove'),
(2963, '3816'),
(2964, 'camp'),
(2965, '1872'),
(2966, 'bauble'),
(2967, '5060373577245'),
(2968, 'funky'),
(2969, 'animals'),
(2970, '41901'),
(2971, 'judo'),
(2972, '8909'),
(2973, 'k10068'),
(2974, 'splash'),
(2975, 'skin'),
(2976, '81002'),
(2977, 'stanley'),
(2978, 'waterton'),
(2979, '5545'),
(2980, 'midgard'),
(2981, 'serpent'),
(2982, '7018'),
(2983, '10600'),
(2984, 'unit'),
(2985, '6336'),
(2986, 'hobbit'),
(2987, 'bard'),
(2988, 'bowman'),
(2989, 'comcon038'),
(2990, 'firefighters'),
(2991, 'real'),
(2992, '9781338283440'),
(2993, 'tron'),
(2994, 'stellar'),
(2995, 'recon'),
(2996, 'voyager'),
(2997, '6956'),
(2998, 'yeti'),
(2999, '7412'),
(3000, '8891'),
(3001, 'lightning'),
(3002, '70614'),
(3003, '2007'),
(3004, '7600'),
(3005, '71039'),
(3006, 'snaptrax'),
(3007, 's45'),
(3008, '3807'),
(3009, '6090'),
(3010, 'academy'),
(3011, 'creature'),
(3012, '20204'),
(3013, 'motor'),
(3014, 'boats'),
(3015, '7099'),
(3016, '714849'),
(3017, 'motorcycle'),
(3018, 'mechanic'),
(3019, '2009'),
(3020, '6299'),
(3021, 'basketball'),
(3022, 'nba'),
(3023, 'collectors'),
(3024, '3565'),
(3025, 'runner'),
(3026, '3439'),
(3027, 'ray'),
(3028, '6107'),
(3029, 'ultrasonic'),
(3030, '70171'),
(3031, '11203'),
(3032, 'rising'),
(3033, 'fcb6705'),
(3034, 'hook'),
(3035, '3504'),
(3036, 'caf'),
(3037, '10942'),
(3038, '76240'),
(3039, 'pierre'),
(3040, 'tuba'),
(3041, '3711'),
(3042, 'lady'),
(3043, 'pain'),
(3044, 'vision'),
(3045, '5000728'),
(3046, '420'),
(3047, 'illustration'),
(3048, 'hen'),
(3049, 'chicks'),
(3050, '5006002'),
(3051, 'scala'),
(3052, 'christian'),
(3053, 'tough'),
(3054, 'wear'),
(3055, '3158'),
(3056, 'dfb'),
(3057, 'shkodran'),
(3058, 'mustafi'),
(3059, '71014'),
(3060, 'research'),
(3061, '60230'),
(3062, '310'),
(3063, 'limited'),
(3064, 'tub'),
(3065, '5537'),
(3066, 'electric'),
(3067, 'sports'),
(3068, '60383'),
(3069, '2154'),
(3070, 'atlantis'),
(3071, 'seabed'),
(3072, 'strider'),
(3073, '7977'),
(3074, '10921'),
(3075, 'empty'),
(3076, 'skulzy'),
(3077, '41567'),
(3078, 'rock'),
(3079, 'raiders'),
(3080, 'ferrari'),
(3081, 'verse'),
(3082, '10595'),
(3083, 'trumpet'),
(3084, 'california'),
(3085, 'llca13'),
(3086, 'spinjitzu'),
(3087, 'slam'),
(3088, 'lloyd'),
(3089, '70681'),
(3090, 'role'),
(3091, 'costumes'),
(3092, 'sword'),
(3093, '854027'),
(3094, '2851'),
(3095, 'message'),
(3096, 'decoder'),
(3097, '6831'),
(3098, '1779'),
(3099, 'waiter'),
(3100, '71000'),
(3101, 'holder'),
(3102, '40561'),
(3103, 'xtreme'),
(3104, 'stunts'),
(3105, 'cruiser'),
(3106, '6734'),
(3107, '4528'),
(3108, 'crew'),
(3109, '4930'),
(3110, '45506'),
(3111, 'engine'),
(3112, '4164'),
(3113, 'pit'),
(3114, '8375'),
(3115, 'developer'),
(3116, '9754'),
(3117, 'dormitory'),
(3118, '75683'),
(3119, 'roller'),
(3120, 'coaster'),
(3121, '66651'),
(3122, 'hot'),
(3123, 'rod'),
(3124, '30354'),
(3125, 'chess'),
(3126, '40158'),
(3127, '1905'),
(3128, 'caribbean'),
(3129, '30133'),
(3130, 'posters'),
(3131, '20th'),
(3132, 'anniversary'),
(3133, 'lightsaber'),
(3134, 'poster'),
(3135, '5005887'),
(3136, 'turtle'),
(3137, '3850013'),
(3138, '60424'),
(3139, 'auto'),
(3140, '4347'),
(3141, 'mungus'),
(3142, '70209'),
(3143, 'powerpuff');
INSERT INTO `words` (`id`, `word`) VALUES
(3144, 'bubbles'),
(3145, 'playground'),
(3146, '41287'),
(3147, 'mining'),
(3148, '5001134'),
(3149, '40697'),
(3150, '10737'),
(3151, '71050'),
(3152, 'galaxy'),
(3153, 'squad'),
(3154, 'hive'),
(3155, '70708'),
(3156, 'giant'),
(3157, 'zoo'),
(3158, '4960'),
(3159, 'plate'),
(3160, '5028'),
(3161, 'freestyle'),
(3162, 'grindelwald'),
(3163, '75951'),
(3164, 'droid'),
(3165, '8000'),
(3166, 'fairyland'),
(3167, '5873'),
(3168, 'maker'),
(3169, '5004394'),
(3170, 'flight'),
(3171, '20203'),
(3172, '7314'),
(3173, 'smuggler'),
(3174, 'hayride'),
(3175, '1974'),
(3176, '3682'),
(3177, '7784'),
(3178, 'commander'),
(3179, '6986'),
(3180, 'replacement'),
(3181, '2000702'),
(3182, '119645111504'),
(3183, '75902'),
(3184, 'trip'),
(3185, '11202'),
(3186, '608'),
(3187, 'cross'),
(3188, 'k3538'),
(3189, 'haunt'),
(3190, '40260'),
(3191, 'baymax'),
(3192, '9304'),
(3193, '88006'),
(3194, '991464'),
(3195, 'teddy'),
(3196, 'teddybear'),
(3197, 'thor'),
(3198, 'surtur'),
(3199, '76289'),
(3200, 'paradisa'),
(3201, 'cabana'),
(3202, '6410'),
(3203, '852996'),
(3204, '1794'),
(3205, 'barracuda'),
(3206, 'seas'),
(3207, '5007330'),
(3208, '8962'),
(3209, '6333'),
(3210, 'botanicals'),
(3211, 'roses'),
(3212, '10374'),
(3213, 'claus'),
(3214, 'mos'),
(3215, '2878'),
(3216, 'wheels'),
(3217, '6118'),
(3218, 'carts'),
(3219, '622'),
(3220, '1870'),
(3221, '71025'),
(3222, 'bracelet'),
(3223, 'elab'),
(3224, '2012'),
(3225, '3316'),
(3226, 'stopwatch'),
(3227, '880001'),
(3228, 'racing'),
(3229, 'rivalry'),
(3230, '8423'),
(3231, 'reindeer'),
(3232, '4002018'),
(3233, 'chicken'),
(3234, 'henhouse'),
(3235, '60344'),
(3236, 'bumblebee'),
(3237, '10797'),
(3238, '76296'),
(3239, 'carousel'),
(3240, '10196'),
(3241, 'wednesday'),
(3242, 'dahlia'),
(3243, '76784'),
(3244, '5003431'),
(3245, 'fusion'),
(3246, 'towers'),
(3247, '21205'),
(3248, 'dumper'),
(3249, '6535'),
(3250, 'pendant'),
(3251, '312'),
(3252, 'k3354'),
(3253, '70413'),
(3254, 'aircraft'),
(3255, '3197'),
(3256, '4679a'),
(3257, 'martinair'),
(3258, '1611'),
(3259, 'annual'),
(3260, '9780723298618'),
(3261, '8374'),
(3262, 'bentley'),
(3263, '5828'),
(3264, '43253'),
(3265, 'sample'),
(3266, '1385'),
(3267, '9681'),
(3268, '4648578'),
(3269, 'voyage'),
(3270, '9320'),
(3271, '66239'),
(3272, 'amg'),
(3273, 'mermaid'),
(3274, 'aquarium'),
(3275, '11204'),
(3276, '6774'),
(3277, 'spacewalking'),
(3278, '71046'),
(3279, 'combat'),
(3280, 'driver'),
(3281, '911721'),
(3282, 'snapper'),
(3283, '8079'),
(3284, 'marge'),
(3285, 'simpson'),
(3286, '40611'),
(3287, 'carnival'),
(3288, 'lisa'),
(3289, '2951'),
(3290, 'turbocar'),
(3291, '8634'),
(3292, '3383'),
(3293, '2436'),
(3294, 'seaside'),
(3295, 'cottage'),
(3296, '6489'),
(3297, 'spaceport'),
(3298, '60080'),
(3299, '8714'),
(3300, 'doctor'),
(3301, '71204'),
(3302, '6577'),
(3303, 'champions'),
(3304, '76924'),
(3305, 'mountain'),
(3306, '910003'),
(3307, 'bonsai'),
(3308, '10373'),
(3309, '60102'),
(3310, 'dream'),
(3311, 'chasers'),
(3312, 'riddle'),
(3313, 'spokens'),
(3314, '9780593484777'),
(3315, 'bonnie'),
(3316, '3674'),
(3317, 'interstellar'),
(3318, 'starfighter'),
(3319, '6979'),
(3320, 'statue'),
(3321, 'liberty'),
(3322, '3450'),
(3323, 'duplo'),
(3324, 'babies'),
(3325, '9192'),
(3326, 'schumacher'),
(3327, 'barrichello'),
(3328, '8389'),
(3329, 'daredevil'),
(3330, '8831'),
(3331, '7615'),
(3332, 'extra'),
(3333, '800'),
(3334, 'wrap'),
(3335, '851680'),
(3336, '244'),
(3337, '4625'),
(3338, '2008'),
(3339, '7979'),
(3340, 'unitron'),
(3341, '1787'),
(3342, '664'),
(3343, 'eldorado'),
(3344, '6276'),
(3345, '66409'),
(3346, '7471'),
(3347, 'stolen'),
(3348, '7622'),
(3349, '75366'),
(3350, 'dinosaur'),
(3351, 'nursery'),
(3352, '10938'),
(3353, 'masters'),
(3354, 'trophy'),
(3355, '6495154'),
(3356, 'parachute'),
(3357, '4293136'),
(3358, 'hovercraft'),
(3359, '663'),
(3360, 'steven'),
(3361, 'spielberg'),
(3362, 'moviemaker'),
(3363, '1349'),
(3364, 'starfire'),
(3365, '6820'),
(3366, '8518'),
(3367, '41234'),
(3368, 'safari'),
(3369, '31116'),
(3370, 'fox'),
(3371, 'disco'),
(3372, 'dude'),
(3373, '8684'),
(3374, 'librarian'),
(3375, 'caterpillar'),
(3376, '337'),
(3377, '71012'),
(3378, '2000706'),
(3379, 'gun'),
(3380, 'mounting'),
(3381, '30168'),
(3382, 'falcons'),
(3383, '6073'),
(3384, 'ferries'),
(3385, 'silja'),
(3386, '1581'),
(3387, 'bonus'),
(3388, 'fright'),
(3389, 'reissue'),
(3390, '4496'),
(3391, 'slicer'),
(3392, '70703'),
(3393, 'dna'),
(3394, 'student'),
(3395, '1103'),
(3396, '9840'),
(3397, 'circus'),
(3398, 'strong'),
(3399, 'mcdonalds'),
(3400, 'laser'),
(3401, 'international'),
(3402, '1646'),
(3403, 'clash'),
(3404, '76044'),
(3405, 'five'),
(3406, '1476'),
(3407, '8012'),
(3408, 'hockey'),
(3409, 'nhl'),
(3410, '10127'),
(3411, 'oswald'),
(3412, 'lucky'),
(3413, 'rabbit'),
(3414, 'mascot'),
(3415, '71037'),
(3416, '5005375'),
(3417, '9362'),
(3418, 'lonesome'),
(3419, 'flats'),
(3420, 'raft'),
(3421, '41253'),
(3422, '5293'),
(3423, 'volume'),
(3424, 'mfcn'),
(3425, 'garmadon'),
(3426, 'surfer'),
(3427, 'stables'),
(3428, '4828'),
(3429, 'pohatu'),
(3430, '8687'),
(3431, '76281'),
(3432, 'emperor'),
(3433, 'fighters'),
(3434, '9462'),
(3435, 'barn'),
(3436, '60346'),
(3437, '75181'),
(3438, 'teardown'),
(3439, '75824'),
(3440, 'danju'),
(3441, 'vladek'),
(3442, 'kk2vp1'),
(3443, 'lobster'),
(3444, 'lovin'),
(3445, '2538'),
(3446, '1850'),
(3447, 'mojo'),
(3448, 'jojo'),
(3449, 'strikes'),
(3450, '41288'),
(3451, 'outback'),
(3452, '98959'),
(3453, 'wash'),
(3454, '4553'),
(3455, '9302'),
(3456, '21280'),
(3457, 'procession'),
(3458, '6077'),
(3459, 'gas'),
(3460, '330'),
(3461, '490'),
(3462, 'aerial'),
(3463, 'defense'),
(3464, '8971'),
(3465, 'guardsman'),
(3466, '1929'),
(3467, 'trendsetter'),
(3468, 'robot'),
(3469, '5002203'),
(3470, 'sting'),
(3471, '6442'),
(3472, 'kleuren'),
(3473, 'als'),
(3474, 'een'),
(3475, '9789030508854'),
(3476, 'sledge'),
(3477, '6576'),
(3478, 'pharaoh'),
(3479, 'quest'),
(3480, '30090'),
(3481, 'freemaker'),
(3482, '5005577'),
(3483, '1095'),
(3484, 'bust'),
(3485, '76326'),
(3486, '2602'),
(3487, 'snowman'),
(3488, '1625'),
(3489, 'lord'),
(3490, 'rings'),
(3491, 'orc'),
(3492, 'forge'),
(3493, '9476'),
(3494, 'cooper'),
(3495, 'issue'),
(3496, '10242'),
(3497, 'striker'),
(3498, '6781'),
(3499, 'trial'),
(3500, '4282'),
(3501, '70326'),
(3502, 'falcon'),
(3503, '6074'),
(3504, '66733'),
(3505, 'jal'),
(3506, '4032'),
(3507, '6550'),
(3508, '1215'),
(3509, '75418'),
(3510, 'cerebro'),
(3511, '5009015'),
(3512, 'angel'),
(3513, '43257'),
(3514, '5005765'),
(3515, 'baratie'),
(3516, '75640'),
(3517, '2852'),
(3518, 'wacky'),
(3519, '358'),
(3520, 'moana'),
(3521, '302007'),
(3522, '76196'),
(3523, '7985'),
(3524, 'goldie'),
(3525, 'cosy'),
(3526, '77058'),
(3527, 'dessert'),
(3528, 'spidermonkey'),
(3529, '8409'),
(3530, '317'),
(3531, 'prime'),
(3532, 'hybrid'),
(3533, 'classroom'),
(3534, '5006657'),
(3535, 'dewey'),
(3536, 'board'),
(3537, '200a'),
(3538, '7297'),
(3539, 'dance'),
(3540, '5835'),
(3541, 'maiden'),
(3542, 'rex'),
(3543, '10939'),
(3544, '6618'),
(3545, 'workers'),
(3546, '9247'),
(3547, 'olaf'),
(3548, 'traveling'),
(3549, 'sleigh'),
(3550, '40361'),
(3551, 'bicycle'),
(3552, 'skate'),
(3553, 'ramp'),
(3554, '30638'),
(3555, 'satellite'),
(3556, '1478'),
(3557, '5003812'),
(3558, '8635'),
(3559, '242003'),
(3560, 'van'),
(3561, 'wolfpack'),
(3562, '10842'),
(3563, '88014'),
(3564, '236'),
(3565, 'mixed'),
(3566, 'flowerpot'),
(3567, '40762'),
(3568, 'bruizer'),
(3569, '44005'),
(3570, '640'),
(3571, 'alex'),
(3572, 'llama'),
(3573, 'bee'),
(3574, '662308'),
(3575, 'customs'),
(3576, '8154'),
(3577, '6471332'),
(3578, '6901'),
(3579, 'basics'),
(3580, 'kb565'),
(3581, '3225'),
(3582, 'ock'),
(3583, 'crime'),
(3584, 'spree'),
(3585, '4858'),
(3586, 'woah'),
(3587, 'expertheart'),
(3588, '11201'),
(3589, 'shocks'),
(3590, '73129'),
(3591, 'renegades'),
(3592, '6038'),
(3593, 'tire'),
(3594, '970113'),
(3595, 'rumble'),
(3596, '1370'),
(3597, '852085'),
(3598, '5358'),
(3599, 'norton'),
(3600, '393'),
(3601, 'hood'),
(3602, 'crossbows'),
(3603, '1287'),
(3604, '8959'),
(3605, '5485'),
(3606, '21206'),
(3607, '7875'),
(3608, 'roboriders'),
(3609, 'dirt'),
(3610, '8004'),
(3611, 'concord'),
(3612, 'dragsters'),
(3613, 'bagpiper'),
(3614, 'turbobooster'),
(3615, 'mcdr3'),
(3616, '8008'),
(3617, 'macy'),
(3618, '271831'),
(3619, 'fighting'),
(3620, '30167'),
(3621, 'jynx'),
(3622, '241602'),
(3623, '30131'),
(3624, 'madrigal'),
(3625, '43202'),
(3626, 'forbidden'),
(3627, '854088'),
(3628, '10071'),
(3629, 'plough'),
(3630, '1704'),
(3631, '122008'),
(3632, '5008031'),
(3633, 'junction'),
(3634, '6765'),
(3635, 'slammer'),
(3636, 'dueling'),
(3637, '8238'),
(3638, 'replay'),
(3639, 'game'),
(3640, 'rulebook'),
(3641, 'fll2020'),
(3642, 'diorama'),
(3643, 'llca'),
(3644, 'ambassador'),
(3645, 'pass'),
(3646, 'llca30'),
(3647, '30073'),
(3648, '6200'),
(3649, 'hansel'),
(3650, 'gretel'),
(3651, '6384696'),
(3652, 'zane'),
(3653, '10755'),
(3654, '5576'),
(3655, 'moaning'),
(3656, 'myrtle'),
(3657, '3828'),
(3658, '7499'),
(3659, 'sunset'),
(3660, '31059'),
(3661, '1513'),
(3662, 'minion'),
(3663, 'arms'),
(3664, '30387'),
(3665, '10668'),
(3666, 'mills'),
(3667, '20205'),
(3668, 'blackcat'),
(3669, 'bin'),
(3670, '45496'),
(3671, 'alfred'),
(3672, '71020'),
(3673, 'navigator'),
(3674, '1853'),
(3675, 'agol'),
(3676, '66365'),
(3677, 'undercover'),
(3678, 'prima'),
(3679, '9780307896766'),
(3680, '042'),
(3681, 'urban'),
(3682, 'avenger'),
(3683, '7474'),
(3684, '951911'),
(3685, '5223'),
(3686, 'sam'),
(3687, 'sinister'),
(3688, 'chupa'),
(3689, 'chups'),
(3690, '3381'),
(3691, '2003'),
(3692, '4024'),
(3693, 'watchpoint'),
(3694, 'gibraltar'),
(3695, '75975'),
(3696, 'tanooki'),
(3697, '71385'),
(3698, '5975'),
(3699, 'plant'),
(3700, 'thunder'),
(3701, '8960'),
(3702, '10738'),
(3703, 'general'),
(3704, 'zod'),
(3705, 'drill'),
(3706, '10792'),
(3707, '1189'),
(3708, 'ecto'),
(3709, '75828'),
(3710, 'streetball'),
(3711, '3431'),
(3712, 'snap'),
(3713, '6733'),
(3714, '40761'),
(3715, 'lorry'),
(3716, '662'),
(3717, 'gears'),
(3718, '802'),
(3719, 'waldorf'),
(3720, '853574'),
(3721, 'boombox'),
(3722, '43115'),
(3723, 'native'),
(3724, 'american'),
(3725, '2838'),
(3726, 'dodge'),
(3727, 'stormbreaker'),
(3728, '7100'),
(3729, 'uruk'),
(3730, 'hai'),
(3731, '9471'),
(3732, 'biker'),
(3733, '1196'),
(3734, '8735'),
(3735, 'bart'),
(3736, '71211'),
(3737, '9467'),
(3738, 'lunarnewyear'),
(3739, 'sporty'),
(3740, 'gym'),
(3741, '7444'),
(3742, 'cyclops'),
(3743, 'barraki'),
(3744, 'deepsea'),
(3745, '8925'),
(3746, '6457'),
(3747, 'lakeside'),
(3748, '10763'),
(3749, 'swing'),
(3750, 'ride'),
(3751, '66648'),
(3752, 'gymnast'),
(3753, '6040'),
(3754, '9748'),
(3755, '2018'),
(3756, 'challenger'),
(3757, 'srt'),
(3758, 'demon'),
(3759, '1970'),
(3760, 'charger'),
(3761, '75893'),
(3762, '2004'),
(3763, '4924'),
(3764, '4776'),
(3765, 'tez'),
(3766, '3264'),
(3767, '7648'),
(3768, '6213821'),
(3769, 'beacon'),
(3770, '45508'),
(3771, '585'),
(3772, 'archer'),
(3773, '4811'),
(3774, 'clone'),
(3775, 'xbox'),
(3776, '360'),
(3777, '2856217'),
(3778, 'scuba'),
(3779, '6556'),
(3780, 'japanese'),
(3781, 'maple'),
(3782, '10348'),
(3783, '10894'),
(3784, 'spinosaurus'),
(3785, '1371'),
(3786, '5000441'),
(3787, 'arcade'),
(3788, '6409'),
(3789, 'chassis'),
(3790, '956'),
(3791, '6163'),
(3792, 'mechanisms'),
(3793, 'sheffield'),
(3794, 'shot'),
(3795, '19010'),
(3796, 'intercept'),
(3797, '6987'),
(3798, 'squidman'),
(3799, '5969'),
(3800, '51515'),
(3801, 'barb'),
(3802, 'sdcc2019'),
(3803, 'james'),
(3804, 'percy'),
(3805, 'tunnel'),
(3806, '65773'),
(3807, '804'),
(3808, '9781797215198'),
(3809, '9736'),
(3810, 'male'),
(3811, '501'),
(3812, 'dorm'),
(3813, '41235'),
(3814, 'k4548'),
(3815, 'countdown'),
(3816, '40222'),
(3817, '9628'),
(3818, 'boateng'),
(3819, 'bulldozer'),
(3820, '813'),
(3821, 'farmer'),
(3822, 'dutchman'),
(3823, '3817'),
(3824, 'buggy'),
(3825, '60288'),
(3826, 'despicable'),
(3827, 'banana'),
(3828, '75580'),
(3829, '40322'),
(3830, 'death'),
(3831, '10143'),
(3832, '3348'),
(3833, 'cosmic'),
(3834, '30604'),
(3835, 'pneumatics'),
(3836, '9641'),
(3837, '4wd'),
(3838, 'trapper'),
(3839, '7296'),
(3840, '1711'),
(3841, 'drinking'),
(3842, '5006606'),
(3843, '7187'),
(3844, 'todo'),
(3845, 'featured'),
(3846, 'featued'),
(3847, 'minifigs'),
(3848, 'no_avatar'),
(3849, 'no_city'),
(3850, 'admin'),
(3851, 'tracking'),
(3852, 'brickmmo_stats'),
(3853, 'tracker'),
(3854, 'setup'),
(3855, 'statistics'),
(3856, 'sql'),
(3857, 'asset_id'),
(3858, 'analytics'),
(3859, 'includes'),
(3860, 'username'),
(3861, 'referrer'),
(3862, 'localhost'),
(3863, 'method'),
(3864, 'authentication'),
(3865, 'dashboard'),
(3866, 'filtering'),
(3867, 'export'),
(3868, 'mysql'),
(3869, 'configure'),
(3870, 'usage'),
(3871, 'snippet'),
(3872, 'structure'),
(3873, 'post'),
(3874, 'chrome'),
(3875, 'tarun'),
(3876, 'shokeen'),
(3877, '5310'),
(3878, 'navigate'),
(3879, 'technical'),
(3880, 'footer'),
(3881, 'timestamp'),
(3882, 'detected'),
(3883, 'security'),
(3884, 'protection'),
(3885, 'production'),
(3886, 'performance'),
(3887, 'test'),
(3888, 'verify'),
(3889, 'debug'),
(3890, 'mode'),
(3891, 'queries'),
(3892, 'comprehensive'),
(3893, 'views'),
(3894, 'detection'),
(3895, 'csv'),
(3896, 'functionality'),
(3897, 'responsive'),
(3898, 'framework'),
(3899, 'installation'),
(3900, 'requirements'),
(3901, 'server'),
(3902, 'apache'),
(3903, 'nginx'),
(3904, 'via'),
(3905, 'demo2'),
(3906, 'configurations'),
(3907, 'root'),
(3908, 'your_password'),
(3909, 'credentials'),
(3910, 'immediately'),
(3911, 'enter'),
(3912, 'paste'),
(3913, 'global'),
(3914, 'variable'),
(3915, 'brickmmo_asset_id'),
(3916, 'viewing'),
(3917, 'detailed'),
(3918, 'breakdowns'),
(3919, 'referrers'),
(3920, 'further'),
(3921, 'analysis'),
(3922, 'auth'),
(3923, 'configuration'),
(3924, 'utility'),
(3925, 'env'),
(3926, 'environment'),
(3927, 'variables'),
(3928, 'identifier'),
(3929, 'record'),
(3930, 'references'),
(3931, 'tracked'),
(3932, 'ip_address'),
(3933, 'visitor'),
(3934, 'operating'),
(3935, 'user_agent'),
(3936, 'agent'),
(3937, 'referring'),
(3938, 'viewed_at'),
(3939, 'hashed'),
(3940, 'endpoints'),
(3941, 'receives'),
(3942, 'screen_width'),
(3943, '1920'),
(3944, 'screen_height'),
(3945, '1080'),
(3946, 'viewport_width'),
(3947, '1200'),
(3948, 'viewport_height'),
(3949, 'timezone'),
(3950, 'new_york'),
(3951, 'success'),
(3952, 'saved'),
(3953, 'successfully'),
(3954, 'insert_id'),
(3955, '123'),
(3956, 'hashing'),
(3957, 'password_hash'),
(3958, 'injection'),
(3959, 'prepared'),
(3960, 'statements'),
(3961, 'throughout'),
(3962, 'csrf'),
(3963, 'session'),
(3964, 'permission'),
(3965, 'levels'),
(3966, 'sanitization'),
(3967, 'properly'),
(3968, 'escaped'),
(3969, 'update'),
(3970, 'snippets'),
(3971, 'cors'),
(3972, 'headers'),
(3973, 'needed'),
(3974, 'consider'),
(3975, 'caching'),
(3976, 'strategies'),
(3977, 'optimal'),
(3978, 'appears'),
(3979, 'browsers'),
(3980, 'accuracy'),
(3981, 'brickmmo_debug'),
(3982, 'considerations'),
(3983, 'lightweight'),
(3984, 'minimal'),
(3985, 'footprint'),
(3986, 'asynchronous'),
(3987, 'blocking'),
(3988, 'execution'),
(3989, 'indexing'),
(3990, 'optimized'),
(3991, 'datasets'),
(3992, 'pagination'),
(3993, 'ecosystem'),
(3994, 'feature'),
(3995, 'branch'),
(3996, 'license'),
(3997, 'follows'),
(3998, 'same'),
(3999, 'licensing'),
(4000, 'course'),
(4001, 'institution'),
(4002, 'implementation'),
(4003, 'delivery'),
(4004, 'channels'),
(4005, 'remember'),
(4006, 'deploying'),
(4007, 'previewimg'),
(4008, 'previewhint'),
(4009, 'overlay'),
(4010, 'widthel'),
(4011, 'heightel'),
(4012, 'errorel'),
(4013, 'downloadbtn'),
(4014, 'directlink'),
(4015, 'linkdetails'),
(4016, 'selectimage'),
(4017, 'parseint'),
(4018, 'best'),
(4019, 'tall'),
(4020, 'ones'),
(4021, 'shows'),
(4022, 'tab'),
(4023, 'image_endpoint'),
(4024, 'generatorform'),
(4025, 'imageselel'),
(4026, 'imagesel'),
(4027, 'overlayel'),
(4028, 'textel'),
(4029, 'could'),
(4030, 'scrollintoview'),
(4031, 'generatebtn'),
(4032, 'sso'),
(4033, 'fatal'),
(4034, 'uncaught'),
(4035, 'mysqli_sql_exception'),
(4036, 'denied'),
(4037, 'brickmmo_parts'),
(4038, 'trace'),
(4039, 'mysqli_connect'),
(4040, 'thrown'),
(4041, 'plaing'),
(4042, 'serverss'),
(4043, 'noddes'),
(4044, 'recommmend'),
(4045, 'filees'),
(4046, 'plaatform'),
(4047, 'no_calendar'),
(4048, 'namelast'),
(4049, 'modifiedsizedescription'),
(4050, 'ubuntu'),
(4051, '443');

--
-- Indexes for dumped tables
--

--
-- Indexes for table `pages`
--
ALTER TABLE `pages`
  ADD PRIMARY KEY (`id`);

--
-- Indexes for table `page_word`
--
ALTER TABLE `page_word`
  ADD PRIMARY KEY (`id`);

--
-- Indexes for table `words`
--
ALTER TABLE `words`
  ADD PRIMARY KEY (`id`);

--
-- AUTO_INCREMENT for dumped tables
--

--
-- AUTO_INCREMENT for table `pages`
--
ALTER TABLE `pages`
  MODIFY `id` int NOT NULL AUTO_INCREMENT, AUTO_INCREMENT=350;

--
-- AUTO_INCREMENT for table `page_word`
--
ALTER TABLE `page_word`
  MODIFY `id` int NOT NULL AUTO_INCREMENT, AUTO_INCREMENT=1071880;

--
-- AUTO_INCREMENT for table `words`
--
ALTER TABLE `words`
  MODIFY `id` int NOT NULL AUTO_INCREMENT, AUTO_INCREMENT=4052;
COMMIT;

/*!40101 SET CHARACTER_SET_CLIENT=@OLD_CHARACTER_SET_CLIENT */;
/*!40101 SET CHARACTER_SET_RESULTS=@OLD_CHARACTER_SET_RESULTS */;
/*!40101 SET COLLATION_CONNECTION=@OLD_COLLATION_CONNECTION */;
